Node name,Pole trans. name,Primary tap voltage of pole trans. [V],Connection phase
F10HN100,F10TR100,6600.0,ab
F10HN115,F10TR115,6600.0,ca
F10HN116,F10TR116,6600.0,bc
F10HN13,F10TR13,6600.0,bc
F10HN16,F10TR16,6600.0,bc
F10HN18,F10TR18,6600.0,bc
F10HN19,F10TR19,6600.0,ab
F10HN20,F10TR20,6600.0,ab
F10HN22,F10TR22,6600.0,bc
F10HN23,F10TR23,6600.0,ab
F10HN24,F10TR24,6600.0,ca
F10HN26,F10TR26,6600.0,ca
F10HN29,F10TR29,6600.0,bc
F10HN30,F10TR30,6600.0,ab
F10HN32,F10TR32,6600.0,ab
F10HN33,F10TR33,6600.0,ab
F10HN34,F10TR34,6600.0,bc
F10HN35,F10TR35,6600.0,ab
F10HN36,F10TR36,6600.0,bc
F10HN37,F10TR37,6600.0,ca
F10HN39,F10TR39,6600.0,ab
F10HN41,F10TR41,6600.0,bc
F10HN42,F10TR42,6600.0,ca
F10HN43,F10TR43,6600.0,bc
F10HN44,F10TR44,6600.0,ca
F10HN45,F10TR45,6600.0,ca
F10HN47,F10TR47,6600.0,bc
F10HN48,F10TR48,6600.0,ca
F10HN49,F10TR49,6600.0,ab
F10HN50,F10TR50,6600.0,ab
F10HN51,F10TR51,6600.0,ca
F10HN53,F10TR53,6600.0,ca
F10HN56,F10TR56,6600.0,bc
F10HN57,F10TR57,6600.0,ab
F10HN59,F10TR59,6600.0,bc
F10HN60,F10TR60,6600.0,ab
F10HN62,F10TR62,6600.0,bc
F10HN63,F10TR63,6600.0,ca
F10HN64,F10TR64,6600.0,ab
F10HN65,F10TR65,6600.0,ca
F10HN68,F10TR68,6600.0,ab
F10HN70,F10TR70,6600.0,bc
F10HN72,F10TR72,6600.0,bc
F10HN73,F10TR73,6600.0,ca
F10HN74,F10TR74,6600.0,ca
F10HN75,F10TR75,6600.0,ca
F10HN76,F10TR76,6600.0,bc
F10HN77,F10TR77,6600.0,bc
F10HN78,F10TR78,6600.0,ab
F10HN79,F10TR79,6600.0,ca
F10HN81,F10TR81,6600.0,ab
F10HN84,F10TR84,6600.0,bc
F10HN85,F10TR85,6600.0,bc
F10HN86,F10TR86,6600.0,ab
F10HN88,F10TR88,6600.0,ca
F10HN89,F10TR89,6600.0,ab
F10HN92,F10TR92,6600.0,ca
F10HN93,F10TR93,6600.0,ab
F10HN95,F10TR95,6600.0,ca
F10HN96,F10TR96,6600.0,ab
F10HN97,F10TR97,6600.0,ab
F10HN98,F10TR98,6600.0,ab
F11HN100,F11TR100,6600.0,ab
F11HN115,F11TR115,6600.0,ca
F11HN116,F11TR116,6600.0,bc
F11HN13,F11TR13,6600.0,bc
F11HN16,F11TR16,6600.0,bc
F11HN18,F11TR18,6600.0,bc
F11HN19,F11TR19,6600.0,ab
F11HN20,F11TR20,6600.0,ab
F11HN22,F11TR22,6600.0,bc
F11HN23,F11TR23,6600.0,ab
F11HN24,F11TR24,6600.0,ca
F11HN26,F11TR26,6600.0,ca
F11HN29,F11TR29,6600.0,bc
F11HN30,F11TR30,6600.0,ab
F11HN32,F11TR32,6600.0,ab
F11HN33,F11TR33,6600.0,ab
F11HN34,F11TR34,6600.0,bc
F11HN35,F11TR35,6600.0,ab
F11HN36,F11TR36,6600.0,bc
F11HN37,F11TR37,6600.0,ca
F11HN39,F11TR39,6600.0,ab
F11HN41,F11TR41,6600.0,bc
F11HN42,F11TR42,6600.0,ca
F11HN43,F11TR43,6600.0,bc
F11HN44,F11TR44,6600.0,ca
F11HN45,F11TR45,6600.0,ca
F11HN47,F11TR47,6600.0,bc
F11HN48,F11TR48,6600.0,ca
F11HN49,F11TR49,6600.0,ab
F11HN50,F11TR50,6600.0,ab
F11HN51,F11TR51,6600.0,ca
F11HN53,F11TR53,6600.0,ca
F11HN56,F11TR56,6600.0,bc
F11HN57,F11TR57,6600.0,ab
F11HN59,F11TR59,6600.0,bc
F11HN60,F11TR60,6600.0,ab
F11HN62,F11TR62,6600.0,bc
F11HN63,F11TR63,6600.0,ca
F11HN64,F11TR64,6600.0,ab
F11HN65,F11TR65,6600.0,ca
F11HN68,F11TR68,6600.0,ab
F11HN70,F11TR70,6600.0,bc
F11HN72,F11TR72,6600.0,bc
F11HN73,F11TR73,6600.0,ca
F11HN74,F11TR74,6600.0,ca
F11HN75,F11TR75,6600.0,ca
F11HN76,F11TR76,6600.0,bc
F11HN77,F11TR77,6600.0,bc
F11HN78,F11TR78,6600.0,ab
F11HN79,F11TR79,6600.0,ca
F11HN81,F11TR81,6600.0,ab
F11HN84,F11TR84,6600.0,bc
F11HN85,F11TR85,6600.0,bc
F11HN86,F11TR86,6600.0,ab
F11HN88,F11TR88,6600.0,ca
F11HN89,F11TR89,6600.0,ab
F11HN92,F11TR92,6600.0,ca
F11HN93,F11TR93,6600.0,ab
F11HN95,F11TR95,6600.0,ca
F11HN96,F11TR96,6600.0,ab
F11HN97,F11TR97,6600.0,ab
F11HN98,F11TR98,6600.0,ab
F12HN10,F12TR10,6600.0,ab
F12HN100,F12TR100,6600.0,ab
F12HN102,F12TR102,6600.0,bc
F12HN105,F12TR105,6600.0,bc
F12HN106,F12TR106,6600.0,ab
F12HN107,F12TR107,6600.0,ab
F12HN109,F12TR109,6600.0,ab
F12HN110,F12TR110,6600.0,ca
F12HN111,F12TR111,6600.0,bc
F12HN112,F12TR112,6600.0,ca
F12HN113,F12TR113,6600.0,ab
F12HN114,F12TR114,6600.0,ca
F12HN115,F12TR115,6600.0,bc
F12HN116,F12TR116,6600.0,ca
F12HN117,F12TR117,6600.0,ca
F12HN119,F12TR119,6600.0,ab
F12HN12,F12TR12,6600.0,ca
F12HN120,F12TR120,6600.0,bc
F12HN121,F12TR121,6600.0,bc
F12HN122,F12TR122,6600.0,ca
F12HN123,F12TR123,6600.0,ab
F12HN126,F12TR126,6600.0,ca
F12HN127,F12TR127,6600.0,ca
F12HN128,F12TR128,6600.0,bc
F12HN129,F12TR129,6600.0,ca
F12HN13,F12TR13,6600.0,ab
F12HN131,F12TR131,6600.0,bc
F12HN132,F12TR132,6600.0,ca
F12HN133,F12TR133,6600.0,ca
F12HN134,F12TR134,6600.0,bc
F12HN135,F12TR135,6600.0,bc
F12HN136,F12TR136,6600.0,ab
F12HN137,F12TR137,6600.0,ab
F12HN138,F12TR138,6600.0,bc
F12HN140,F12TR140,6600.0,bc
F12HN142,F12TR142,6600.0,ab
F12HN143,F12TR143,6600.0,ab
F12HN144,F12TR144,6600.0,ca
F12HN145,F12TR145,6600.0,ca
F12HN146,F12TR146,6600.0,ab
F12HN147,F12TR147,6600.0,bc
F12HN149,F12TR149,6600.0,bc
F12HN15,F12TR15,6600.0,bc
F12HN150,F12TR150,6600.0,ca
F12HN151,F12TR151,6600.0,bc
F12HN152,F12TR152,6600.0,bc
F12HN153,F12TR153,6600.0,ab
F12HN154,F12TR154,6600.0,ab
F12HN156,F12TR156,6600.0,ca
F12HN157,F12TR157,6600.0,ab
F12HN16,F12TR16,6600.0,bc
F12HN160,F12TR160,6600.0,bc
F12HN161,F12TR161,6600.0,ab
F12HN162,F12TR162,6600.0,ca
F12HN163,F12TR163,6600.0,ca
F12HN17,F12TR17,6600.0,ab
F12HN19,F12TR19,6600.0,bc
F12HN20,F12TR20,6600.0,ab
F12HN21,F12TR21,6600.0,bc
F12HN23,F12TR23,6600.0,ab
F12HN24,F12TR24,6600.0,ca
F12HN25,F12TR25,6600.0,ca
F12HN27,F12TR27,6600.0,ca
F12HN28,F12TR28,6600.0,ab
F12HN30,F12TR30,6600.0,ca
F12HN31,F12TR31,6600.0,bc
F12HN33,F12TR33,6600.0,bc
F12HN37,F12TR37,6600.0,ca
F12HN38,F12TR38,6600.0,ab
F12HN39,F12TR39,6600.0,ab
F12HN4,F12TR4,6600.0,ca
F12HN41,F12TR41,6600.0,ab
F12HN43,F12TR43,6600.0,ca
F12HN45,F12TR45,6600.0,ca
F12HN46,F12TR46,6600.0,bc
F12HN47,F12TR47,6600.0,ab
F12HN5,F12TR5,6600.0,bc
F12HN50,F12TR50,6600.0,bc
F12HN51,F12TR51,6600.0,ab
F12HN52,F12TR52,6600.0,ab
F12HN53,F12TR53,6600.0,ca
F12HN55,F12TR55,6600.0,bc
F12HN56,F12TR56,6600.0,ca
F12HN57,F12TR57,6600.0,ab
F12HN58,F12TR58,6600.0,bc
F12HN59,F12TR59,6600.0,ab
F12HN6,F12TR6,6600.0,ab
F12HN60,F12TR60,6600.0,ab
F12HN61,F12TR61,6600.0,ca
F12HN62,F12TR62,6600.0,bc
F12HN63,F12TR63,6600.0,ab
F12HN64,F12TR64,6600.0,ca
F12HN67,F12TR67,6600.0,ab
F12HN68,F12TR68,6600.0,ca
F12HN69,F12TR69,6600.0,ab
F12HN7,F12TR7,6600.0,ca
F12HN70,F12TR70,6600.0,ab
F12HN71,F12TR71,6600.0,ab
F12HN72,F12TR72,6600.0,ca
F12HN73,F12TR73,6600.0,ca
F12HN74,F12TR74,6600.0,ab
F12HN77,F12TR77,6600.0,ab
F12HN79,F12TR79,6600.0,bc
F12HN80,F12TR80,6600.0,bc
F12HN81,F12TR81,6600.0,bc
F12HN82,F12TR82,6600.0,ca
F12HN83,F12TR83,6600.0,ca
F12HN84,F12TR84,6600.0,bc
F12HN85,F12TR85,6600.0,bc
F12HN86,F12TR86,6600.0,bc
F12HN87,F12TR87,6600.0,ab
F12HN88,F12TR88,6600.0,ab
F12HN89,F12TR89,6600.0,bc
F12HN9,F12TR9,6600.0,ca
F12HN90,F12TR90,6600.0,bc
F12HN91,F12TR91,6600.0,ab
F12HN92,F12TR92,6600.0,bc
F12HN93,F12TR93,6600.0,ab
F12HN94,F12TR94,6600.0,bc
F12HN95,F12TR95,6600.0,bc
F12HN96,F12TR96,6600.0,ca
F12HN97,F12TR97,6600.0,bc
F12HN98,F12TR98,6600.0,bc
F12HN99,F12TR99,6600.0,ca
F13HN10,F13TR10,6600.0,bc
F13HN12,F13TR12,6600.0,ab
F13HN17,F13TR17,6600.0,ca
F13HN19,F13TR19,6600.0,ab
F13HN20,F13TR20,6600.0,ca
F13HN21,F13TR21,6600.0,ab
F13HN25,F13TR25,6600.0,ab
F13HN26,F13TR26,6600.0,ca
F13HN28,F13TR28,6600.0,bc
F13HN30,F13TR30,6600.0,ab
F13HN31,F13TR31,6600.0,bc
F13HN37,F13TR37,6600.0,bc
F13HN39,F13TR39,6600.0,bc
F13HN4,F13TR4,6600.0,bc
F13HN40,F13TR40,6600.0,ca
F13HN45,F13TR45,6600.0,bc
F13HN46,F13TR46,6600.0,ca
F13HN48,F13TR48,6600.0,bc
F13HN51,F13TR51,6600.0,ab
F13HN6,F13TR6,6600.0,ca
F13HN7,F13TR7,6600.0,ab
F13HN8,F13TR8,6600.0,ab
F14HN10,F14TR10,6600.0,ca
F14HN100,F14TR100,6600.0,ab
F14HN101,F14TR101,6600.0,ab
F14HN102,F14TR102,6600.0,bc
F14HN104,F14TR104,6600.0,ab
F14HN105,F14TR105,6600.0,bc
F14HN106,F14TR106,6600.0,ca
F14HN107,F14TR107,6600.0,ca
F14HN108,F14TR108,6600.0,ca
F14HN109,F14TR109,6600.0,bc
F14HN110,F14TR110,6600.0,bc
F14HN111,F14TR111,6600.0,bc
F14HN112,F14TR112,6600.0,bc
F14HN113,F14TR113,6600.0,ca
F14HN114,F14TR114,6600.0,bc
F14HN115,F14TR115,6600.0,ab
F14HN116,F14TR116,6600.0,bc
F14HN117,F14TR117,6600.0,ca
F14HN118,F14TR118,6600.0,ca
F14HN119,F14TR119,6600.0,bc
F14HN12,F14TR12,6600.0,ab
F14HN120,F14TR120,6600.0,ca
F14HN121,F14TR121,6600.0,ab
F14HN123,F14TR123,6600.0,ca
F14HN124,F14TR124,6600.0,bc
F14HN125,F14TR125,6600.0,bc
F14HN126,F14TR126,6600.0,ca
F14HN127,F14TR127,6600.0,ca
F14HN128,F14TR128,6600.0,ca
F14HN129,F14TR129,6600.0,ca
F14HN130,F14TR130,6600.0,ab
F14HN132,F14TR132,6600.0,ca
F14HN133,F14TR133,6600.0,ab
F14HN134,F14TR134,6600.0,ab
F14HN135,F14TR135,6600.0,ab
F14HN136,F14TR136,6600.0,ca
F14HN137,F14TR137,6600.0,ab
F14HN138,F14TR138,6600.0,ab
F14HN139,F14TR139,6600.0,ab
F14HN14,F14TR14,6600.0,ab
F14HN140,F14TR140,6600.0,bc
F14HN141,F14TR141,6600.0,ca
F14HN143,F14TR143,6600.0,bc
F14HN144,F14TR144,6600.0,ab
F14HN145,F14TR145,6600.0,ca
F14HN146,F14TR146,6600.0,ca
F14HN147,F14TR147,6600.0,ca
F14HN148,F14TR148,6600.0,bc
F14HN149,F14TR149,6600.0,bc
F14HN15,F14TR15,6600.0,ab
F14HN150,F14TR150,6600.0,ab
F14HN152,F14TR152,6600.0,ab
F14HN153,F14TR153,6600.0,bc
F14HN154,F14TR154,6600.0,bc
F14HN155,F14TR155,6600.0,ca
F14HN156,F14TR156,6600.0,bc
F14HN157,F14TR157,6600.0,bc
F14HN158,F14TR158,6600.0,bc
F14HN160,F14TR160,6600.0,bc
F14HN161,F14TR161,6600.0,ab
F14HN162,F14TR162,6600.0,ab
F14HN163,F14TR163,6600.0,bc
F14HN164,F14TR164,6600.0,bc
F14HN166,F14TR166,6600.0,bc
F14HN167,F14TR167,6600.0,ab
F14HN169,F14TR169,6600.0,ca
F14HN17,F14TR17,6600.0,ca
F14HN170,F14TR170,6600.0,ab
F14HN171,F14TR171,6600.0,ca
F14HN172,F14TR172,6600.0,ca
F14HN173,F14TR173,6600.0,ab
F14HN174,F14TR174,6600.0,bc
F14HN18,F14TR18,6600.0,ca
F14HN19,F14TR19,6600.0,ab
F14HN20,F14TR20,6600.0,bc
F14HN22,F14TR22,6600.0,ab
F14HN24,F14TR24,6600.0,ab
F14HN25,F14TR25,6600.0,ab
F14HN26,F14TR26,6600.0,bc
F14HN28,F14TR28,6600.0,ab
F14HN30,F14TR30,6600.0,ab
F14HN31,F14TR31,6600.0,ca
F14HN32,F14TR32,6600.0,ca
F14HN33,F14TR33,6600.0,ca
F14HN34,F14TR34,6600.0,ca
F14HN35,F14TR35,6600.0,bc
F14HN36,F14TR36,6600.0,ca
F14HN38,F14TR38,6600.0,ca
F14HN39,F14TR39,6600.0,bc
F14HN4,F14TR4,6600.0,ca
F14HN40,F14TR40,6600.0,ab
F14HN41,F14TR41,6600.0,ca
F14HN42,F14TR42,6600.0,ca
F14HN43,F14TR43,6600.0,ab
F14HN44,F14TR44,6600.0,ab
F14HN45,F14TR45,6600.0,bc
F14HN46,F14TR46,6600.0,bc
F14HN47,F14TR47,6600.0,ca
F14HN48,F14TR48,6600.0,ab
F14HN49,F14TR49,6600.0,ca
F14HN5,F14TR5,6600.0,bc
F14HN50,F14TR50,6600.0,ab
F14HN52,F14TR52,6600.0,bc
F14HN53,F14TR53,6600.0,ab
F14HN54,F14TR54,6600.0,bc
F14HN55,F14TR55,6600.0,bc
F14HN56,F14TR56,6600.0,ca
F14HN57,F14TR57,6600.0,ab
F14HN58,F14TR58,6600.0,ab
F14HN59,F14TR59,6600.0,bc
F14HN6,F14TR6,6600.0,ab
F14HN60,F14TR60,6600.0,ab
F14HN61,F14TR61,6600.0,ca
F14HN62,F14TR62,6600.0,ab
F14HN63,F14TR63,6600.0,ab
F14HN65,F14TR65,6600.0,bc
F14HN66,F14TR66,6600.0,ab
F14HN67,F14TR67,6600.0,ca
F14HN7,F14TR7,6600.0,ca
F14HN70,F14TR70,6600.0,ca
F14HN71,F14TR71,6600.0,ab
F14HN72,F14TR72,6600.0,ca
F14HN73,F14TR73,6600.0,ab
F14HN74,F14TR74,6600.0,ca
F14HN75,F14TR75,6600.0,ca
F14HN76,F14TR76,6600.0,ab
F14HN77,F14TR77,6600.0,bc
F14HN78,F14TR78,6600.0,bc
F14HN79,F14TR79,6600.0,ca
F14HN8,F14TR8,6600.0,bc
F14HN81,F14TR81,6600.0,bc
F14HN82,F14TR82,6600.0,ab
F14HN83,F14TR83,6600.0,ab
F14HN84,F14TR84,6600.0,bc
F14HN85,F14TR85,6600.0,ab
F14HN86,F14TR86,6600.0,bc
F14HN87,F14TR87,6600.0,bc
F14HN88,F14TR88,6600.0,bc
F14HN89,F14TR89,6600.0,bc
F14HN9,F14TR9,6600.0,bc
F14HN90,F14TR90,6600.0,ab
F14HN92,F14TR92,6600.0,bc
F14HN93,F14TR93,6600.0,ab
F14HN95,F14TR95,6600.0,ca
F14HN96,F14TR96,6600.0,ca
F14HN97,F14TR97,6600.0,ab
F14HN98,F14TR98,6600.0,bc
F14HN99,F14TR99,6600.0,ca
F15HN10,F15TR10,6600.0,ab
F15HN100,F15TR100,6600.0,ab
F15HN102,F15TR102,6600.0,bc
F15HN105,F15TR105,6600.0,bc
F15HN106,F15TR106,6600.0,ab
F15HN107,F15TR107,6600.0,ab
F15HN109,F15TR109,6600.0,ab
F15HN110,F15TR110,6600.0,ca
F15HN111,F15TR111,6600.0,bc
F15HN112,F15TR112,6600.0,ca
F15HN113,F15TR113,6600.0,ab
F15HN114,F15TR114,6600.0,ca
F15HN115,F15TR115,6600.0,bc
F15HN116,F15TR116,6600.0,ca
F15HN117,F15TR117,6600.0,ca
F15HN119,F15TR119,6600.0,ab
F15HN12,F15TR12,6600.0,ca
F15HN120,F15TR120,6600.0,bc
F15HN121,F15TR121,6600.0,bc
F15HN122,F15TR122,6600.0,ca
F15HN123,F15TR123,6600.0,ab
F15HN126,F15TR126,6600.0,ca
F15HN127,F15TR127,6600.0,ca
F15HN128,F15TR128,6600.0,bc
F15HN129,F15TR129,6600.0,ca
F15HN13,F15TR13,6600.0,ab
F15HN131,F15TR131,6600.0,bc
F15HN132,F15TR132,6600.0,ca
F15HN133,F15TR133,6600.0,ca
F15HN134,F15TR134,6600.0,bc
F15HN135,F15TR135,6600.0,bc
F15HN136,F15TR136,6600.0,ab
F15HN137,F15TR137,6600.0,ab
F15HN138,F15TR138,6600.0,bc
F15HN140,F15TR140,6600.0,bc
F15HN142,F15TR142,6600.0,ab
F15HN143,F15TR143,6600.0,ab
F15HN144,F15TR144,6600.0,ca
F15HN145,F15TR145,6600.0,ca
F15HN146,F15TR146,6600.0,ab
F15HN147,F15TR147,6600.0,bc
F15HN149,F15TR149,6600.0,bc
F15HN15,F15TR15,6600.0,bc
F15HN150,F15TR150,6600.0,ca
F15HN151,F15TR151,6600.0,bc
F15HN152,F15TR152,6600.0,bc
F15HN153,F15TR153,6600.0,ab
F15HN154,F15TR154,6600.0,ab
F15HN156,F15TR156,6600.0,ca
F15HN157,F15TR157,6600.0,ab
F15HN16,F15TR16,6600.0,bc
F15HN160,F15TR160,6600.0,bc
F15HN161,F15TR161,6600.0,ab
F15HN162,F15TR162,6600.0,ca
F15HN163,F15TR163,6600.0,ca
F15HN17,F15TR17,6600.0,ab
F15HN19,F15TR19,6600.0,bc
F15HN20,F15TR20,6600.0,ab
F15HN21,F15TR21,6600.0,bc
F15HN23,F15TR23,6600.0,ab
F15HN24,F15TR24,6600.0,ca
F15HN25,F15TR25,6600.0,ca
F15HN27,F15TR27,6600.0,ca
F15HN28,F15TR28,6600.0,ab
F15HN30,F15TR30,6600.0,ca
F15HN31,F15TR31,6600.0,bc
F15HN33,F15TR33,6600.0,bc
F15HN37,F15TR37,6600.0,ca
F15HN38,F15TR38,6600.0,ab
F15HN39,F15TR39,6600.0,ab
F15HN4,F15TR4,6600.0,ca
F15HN41,F15TR41,6600.0,ab
F15HN43,F15TR43,6600.0,ca
F15HN45,F15TR45,6600.0,ca
F15HN46,F15TR46,6600.0,bc
F15HN47,F15TR47,6600.0,ab
F15HN5,F15TR5,6600.0,bc
F15HN50,F15TR50,6600.0,bc
F15HN51,F15TR51,6600.0,ab
F15HN52,F15TR52,6600.0,ab
F15HN53,F15TR53,6600.0,ca
F15HN55,F15TR55,6600.0,bc
F15HN56,F15TR56,6600.0,ca
F15HN57,F15TR57,6600.0,ab
F15HN58,F15TR58,6600.0,bc
F15HN59,F15TR59,6600.0,ab
F15HN6,F15TR6,6600.0,ab
F15HN60,F15TR60,6600.0,ab
F15HN61,F15TR61,6600.0,ca
F15HN62,F15TR62,6600.0,bc
F15HN63,F15TR63,6600.0,ab
F15HN64,F15TR64,6600.0,ca
F15HN67,F15TR67,6600.0,ab
F15HN68,F15TR68,6600.0,ca
F15HN69,F15TR69,6600.0,ab
F15HN7,F15TR7,6600.0,ca
F15HN70,F15TR70,6600.0,ab
F15HN71,F15TR71,6600.0,ab
F15HN72,F15TR72,6600.0,ca
F15HN73,F15TR73,6600.0,ca
F15HN74,F15TR74,6600.0,ab
F15HN77,F15TR77,6600.0,ab
F15HN79,F15TR79,6600.0,bc
F15HN80,F15TR80,6600.0,bc
F15HN81,F15TR81,6600.0,bc
F15HN82,F15TR82,6600.0,ca
F15HN83,F15TR83,6600.0,ca
F15HN84,F15TR84,6600.0,bc
F15HN85,F15TR85,6600.0,bc
F15HN86,F15TR86,6600.0,bc
F15HN87,F15TR87,6600.0,ab
F15HN88,F15TR88,6600.0,ab
F15HN89,F15TR89,6600.0,bc
F15HN9,F15TR9,6600.0,ca
F15HN90,F15TR90,6600.0,bc
F15HN91,F15TR91,6600.0,ab
F15HN92,F15TR92,6600.0,bc
F15HN93,F15TR93,6600.0,ab
F15HN94,F15TR94,6600.0,bc
F15HN95,F15TR95,6600.0,bc
F15HN96,F15TR96,6600.0,ca
F15HN97,F15TR97,6600.0,bc
F15HN98,F15TR98,6600.0,bc
F15HN99,F15TR99,6600.0,ca
F16HN100,F16TR100,6600.0,ab
F16HN115,F16TR115,6600.0,ca
F16HN116,F16TR116,6600.0,bc
F16HN13,F16TR13,6600.0,bc
F16HN16,F16TR16,6600.0,bc
F16HN18,F16TR18,6600.0,bc
F16HN19,F16TR19,6600.0,ab
F16HN20,F16TR20,6600.0,ab
F16HN22,F16TR22,6600.0,bc
F16HN23,F16TR23,6600.0,ab
F16HN24,F16TR24,6600.0,ca
F16HN26,F16TR26,6600.0,ca
F16HN29,F16TR29,6600.0,bc
F16HN30,F16TR30,6600.0,ab
F16HN32,F16TR32,6600.0,ab
F16HN33,F16TR33,6600.0,ab
F16HN34,F16TR34,6600.0,bc
F16HN35,F16TR35,6600.0,ab
F16HN36,F16TR36,6600.0,bc
F16HN37,F16TR37,6600.0,ca
F16HN39,F16TR39,6600.0,ab
F16HN41,F16TR41,6600.0,bc
F16HN42,F16TR42,6600.0,ca
F16HN43,F16TR43,6600.0,bc
F16HN44,F16TR44,6600.0,ca
F16HN45,F16TR45,6600.0,ca
F16HN47,F16TR47,6600.0,bc
F16HN48,F16TR48,6600.0,ca
F16HN49,F16TR49,6600.0,ab
F16HN50,F16TR50,6600.0,ab
F16HN51,F16TR51,6600.0,ca
F16HN53,F16TR53,6600.0,ca
F16HN56,F16TR56,6600.0,bc
F16HN57,F16TR57,6600.0,ab
F16HN59,F16TR59,6600.0,bc
F16HN60,F16TR60,6600.0,ab
F16HN62,F16TR62,6600.0,bc
F16HN63,F16TR63,6600.0,ca
F16HN64,F16TR64,6600.0,ab
F16HN65,F16TR65,6600.0,ca
F16HN68,F16TR68,6600.0,ab
F16HN70,F16TR70,6600.0,bc
F16HN72,F16TR72,6600.0,bc
F16HN73,F16TR73,6600.0,ca
F16HN74,F16TR74,6600.0,ca
F16HN75,F16TR75,6600.0,ca
F16HN76,F16TR76,6600.0,bc
F16HN77,F16TR77,6600.0,bc
F16HN78,F16TR78,6600.0,ab
F16HN79,F16TR79,6600.0,ca
F16HN81,F16TR81,6600.0,ab
F16HN84,F16TR84,6600.0,bc
F16HN85,F16TR85,6600.0,bc
F16HN86,F16TR86,6600.0,ab
F16HN88,F16TR88,6600.0,ca
F16HN89,F16TR89,6600.0,ab
F16HN92,F16TR92,6600.0,ca
F16HN93,F16TR93,6600.0,ab
F16HN95,F16TR95,6600.0,ca
F16HN96,F16TR96,6600.0,ab
F16HN97,F16TR97,6600.0,ab
F16HN98,F16TR98,6600.0,ab
F17HN10,F17TR10,6600.0,ab
F17HN100,F17TR100,6600.0,ab
F17HN102,F17TR102,6600.0,bc
F17HN105,F17TR105,6600.0,bc
F17HN106,F17TR106,6600.0,ab
F17HN107,F17TR107,6600.0,ab
F17HN109,F17TR109,6600.0,ab
F17HN110,F17TR110,6600.0,ca
F17HN111,F17TR111,6600.0,bc
F17HN112,F17TR112,6600.0,ca
F17HN113,F17TR113,6600.0,ab
F17HN114,F17TR114,6600.0,ca
F17HN115,F17TR115,6600.0,bc
F17HN116,F17TR116,6600.0,ca
F17HN117,F17TR117,6600.0,ca
F17HN119,F17TR119,6600.0,ab
F17HN12,F17TR12,6600.0,ca
F17HN120,F17TR120,6600.0,bc
F17HN121,F17TR121,6600.0,bc
F17HN122,F17TR122,6600.0,ca
F17HN123,F17TR123,6600.0,ab
F17HN126,F17TR126,6600.0,ca
F17HN127,F17TR127,6600.0,ca
F17HN128,F17TR128,6600.0,bc
F17HN129,F17TR129,6600.0,ca
F17HN13,F17TR13,6600.0,ab
F17HN131,F17TR131,6600.0,bc
F17HN132,F17TR132,6600.0,ca
F17HN133,F17TR133,6600.0,ca
F17HN134,F17TR134,6600.0,bc
F17HN135,F17TR135,6600.0,bc
F17HN136,F17TR136,6600.0,ab
F17HN137,F17TR137,6600.0,ab
F17HN138,F17TR138,6600.0,bc
F17HN140,F17TR140,6600.0,bc
F17HN142,F17TR142,6600.0,ab
F17HN143,F17TR143,6600.0,ab
F17HN144,F17TR144,6600.0,ca
F17HN145,F17TR145,6600.0,ca
F17HN146,F17TR146,6600.0,ab
F17HN147,F17TR147,6600.0,bc
F17HN149,F17TR149,6600.0,bc
F17HN15,F17TR15,6600.0,bc
F17HN150,F17TR150,6600.0,ca
F17HN151,F17TR151,6600.0,bc
F17HN152,F17TR152,6600.0,bc
F17HN153,F17TR153,6600.0,ab
F17HN154,F17TR154,6600.0,ab
F17HN156,F17TR156,6600.0,ca
F17HN157,F17TR157,6600.0,ab
F17HN16,F17TR16,6600.0,bc
F17HN160,F17TR160,6600.0,bc
F17HN161,F17TR161,6600.0,ab
F17HN162,F17TR162,6600.0,ca
F17HN163,F17TR163,6600.0,ca
F17HN17,F17TR17,6600.0,ab
F17HN19,F17TR19,6600.0,bc
F17HN20,F17TR20,6600.0,ab
F17HN21,F17TR21,6600.0,bc
F17HN23,F17TR23,6600.0,ab
F17HN24,F17TR24,6600.0,ca
F17HN25,F17TR25,6600.0,ca
F17HN27,F17TR27,6600.0,ca
F17HN28,F17TR28,6600.0,ab
F17HN30,F17TR30,6600.0,ca
F17HN31,F17TR31,6600.0,bc
F17HN33,F17TR33,6600.0,bc
F17HN37,F17TR37,6600.0,ca
F17HN38,F17TR38,6600.0,ab
F17HN39,F17TR39,6600.0,ab
F17HN4,F17TR4,6600.0,ca
F17HN41,F17TR41,6600.0,ab
F17HN43,F17TR43,6600.0,ca
F17HN45,F17TR45,6600.0,ca
F17HN46,F17TR46,6600.0,bc
F17HN47,F17TR47,6600.0,ab
F17HN5,F17TR5,6600.0,bc
F17HN50,F17TR50,6600.0,bc
F17HN51,F17TR51,6600.0,ab
F17HN52,F17TR52,6600.0,ab
F17HN53,F17TR53,6600.0,ca
F17HN55,F17TR55,6600.0,bc
F17HN56,F17TR56,6600.0,ca
F17HN57,F17TR57,6600.0,ab
F17HN58,F17TR58,6600.0,bc
F17HN59,F17TR59,6600.0,ab
F17HN6,F17TR6,6600.0,ab
F17HN60,F17TR60,6600.0,ab
F17HN61,F17TR61,6600.0,ca
F17HN62,F17TR62,6600.0,bc
F17HN63,F17TR63,6600.0,ab
F17HN64,F17TR64,6600.0,ca
F17HN67,F17TR67,6600.0,ab
F17HN68,F17TR68,6600.0,ca
F17HN69,F17TR69,6600.0,ab
F17HN7,F17TR7,6600.0,ca
F17HN70,F17TR70,6600.0,ab
F17HN71,F17TR71,6600.0,ab
F17HN72,F17TR72,6600.0,ca
F17HN73,F17TR73,6600.0,ca
F17HN74,F17TR74,6600.0,ab
F17HN77,F17TR77,6600.0,ab
F17HN79,F17TR79,6600.0,bc
F17HN80,F17TR80,6600.0,bc
F17HN81,F17TR81,6600.0,bc
F17HN82,F17TR82,6600.0,ca
F17HN83,F17TR83,6600.0,ca
F17HN84,F17TR84,6600.0,bc
F17HN85,F17TR85,6600.0,bc
F17HN86,F17TR86,6600.0,bc
F17HN87,F17TR87,6600.0,ab
F17HN88,F17TR88,6600.0,ab
F17HN89,F17TR89,6600.0,bc
F17HN9,F17TR9,6600.0,ca
F17HN90,F17TR90,6600.0,bc
F17HN91,F17TR91,6600.0,ab
F17HN92,F17TR92,6600.0,bc
F17HN93,F17TR93,6600.0,ab
F17HN94,F17TR94,6600.0,bc
F17HN95,F17TR95,6600.0,bc
F17HN96,F17TR96,6600.0,ca
F17HN97,F17TR97,6600.0,bc
F17HN98,F17TR98,6600.0,bc
F17HN99,F17TR99,6600.0,ca
F18HN10,F18TR10,6600.0,ab
F18HN100,F18TR100,6600.0,ab
F18HN102,F18TR102,6600.0,bc
F18HN105,F18TR105,6600.0,bc
F18HN106,F18TR106,6600.0,ab
F18HN107,F18TR107,6600.0,ab
F18HN109,F18TR109,6600.0,ab
F18HN110,F18TR110,6600.0,ca
F18HN111,F18TR111,6600.0,bc
F18HN112,F18TR112,6600.0,ca
F18HN113,F18TR113,6600.0,ab
F18HN114,F18TR114,6600.0,ca
F18HN115,F18TR115,6600.0,bc
F18HN116,F18TR116,6600.0,ca
F18HN117,F18TR117,6600.0,ca
F18HN119,F18TR119,6600.0,ab
F18HN12,F18TR12,6600.0,ca
F18HN120,F18TR120,6600.0,bc
F18HN121,F18TR121,6600.0,bc
F18HN122,F18TR122,6600.0,ca
F18HN123,F18TR123,6600.0,ab
F18HN126,F18TR126,6600.0,ca
F18HN127,F18TR127,6600.0,ca
F18HN128,F18TR128,6600.0,bc
F18HN129,F18TR129,6600.0,ca
F18HN13,F18TR13,6600.0,ab
F18HN131,F18TR131,6600.0,bc
F18HN132,F18TR132,6600.0,ca
F18HN133,F18TR133,6600.0,ca
F18HN134,F18TR134,6600.0,bc
F18HN135,F18TR135,6600.0,bc
F18HN136,F18TR136,6600.0,ab
F18HN137,F18TR137,6600.0,ab
F18HN138,F18TR138,6600.0,bc
F18HN140,F18TR140,6600.0,bc
F18HN142,F18TR142,6600.0,ab
F18HN143,F18TR143,6600.0,ab
F18HN144,F18TR144,6600.0,ca
F18HN145,F18TR145,6600.0,ca
F18HN146,F18TR146,6600.0,ab
F18HN147,F18TR147,6600.0,bc
F18HN149,F18TR149,6600.0,bc
F18HN15,F18TR15,6600.0,bc
F18HN150,F18TR150,6600.0,ca
F18HN151,F18TR151,6600.0,bc
F18HN152,F18TR152,6600.0,bc
F18HN153,F18TR153,6600.0,ab
F18HN154,F18TR154,6600.0,ab
F18HN156,F18TR156,6600.0,ca
F18HN157,F18TR157,6600.0,ab
F18HN16,F18TR16,6600.0,bc
F18HN160,F18TR160,6600.0,bc
F18HN161,F18TR161,6600.0,ab
F18HN162,F18TR162,6600.0,ca
F18HN163,F18TR163,6600.0,ca
F18HN17,F18TR17,6600.0,ab
F18HN19,F18TR19,6600.0,bc
F18HN20,F18TR20,6600.0,ab
F18HN21,F18TR21,6600.0,bc
F18HN23,F18TR23,6600.0,ab
F18HN24,F18TR24,6600.0,ca
F18HN25,F18TR25,6600.0,ca
F18HN27,F18TR27,6600.0,ca
F18HN28,F18TR28,6600.0,ab
F18HN30,F18TR30,6600.0,ca
F18HN31,F18TR31,6600.0,bc
F18HN33,F18TR33,6600.0,bc
F18HN37,F18TR37,6600.0,ca
F18HN38,F18TR38,6600.0,ab
F18HN39,F18TR39,6600.0,ab
F18HN4,F18TR4,6600.0,ca
F18HN41,F18TR41,6600.0,ab
F18HN43,F18TR43,6600.0,ca
F18HN45,F18TR45,6600.0,ca
F18HN46,F18TR46,6600.0,bc
F18HN47,F18TR47,6600.0,ab
F18HN5,F18TR5,6600.0,bc
F18HN50,F18TR50,6600.0,bc
F18HN51,F18TR51,6600.0,ab
F18HN52,F18TR52,6600.0,ab
F18HN53,F18TR53,6600.0,ca
F18HN55,F18TR55,6600.0,bc
F18HN56,F18TR56,6600.0,ca
F18HN57,F18TR57,6600.0,ab
F18HN58,F18TR58,6600.0,bc
F18HN59,F18TR59,6600.0,ab
F18HN6,F18TR6,6600.0,ab
F18HN60,F18TR60,6600.0,ab
F18HN61,F18TR61,6600.0,ca
F18HN62,F18TR62,6600.0,bc
F18HN63,F18TR63,6600.0,ab
F18HN64,F18TR64,6600.0,ca
F18HN67,F18TR67,6600.0,ab
F18HN68,F18TR68,6600.0,ca
F18HN69,F18TR69,6600.0,ab
F18HN7,F18TR7,6600.0,ca
F18HN70,F18TR70,6600.0,ab
F18HN71,F18TR71,6600.0,ab
F18HN72,F18TR72,6600.0,ca
F18HN73,F18TR73,6600.0,ca
F18HN74,F18TR74,6600.0,ab
F18HN77,F18TR77,6600.0,ab
F18HN79,F18TR79,6600.0,bc
F18HN80,F18TR80,6600.0,bc
F18HN81,F18TR81,6600.0,bc
F18HN82,F18TR82,6600.0,ca
F18HN83,F18TR83,6600.0,ca
F18HN84,F18TR84,6600.0,bc
F18HN85,F18TR85,6600.0,bc
F18HN86,F18TR86,6600.0,bc
F18HN87,F18TR87,6600.0,ab
F18HN88,F18TR88,6600.0,ab
F18HN89,F18TR89,6600.0,bc
F18HN9,F18TR9,6600.0,ca
F18HN90,F18TR90,6600.0,bc
F18HN91,F18TR91,6600.0,ab
F18HN92,F18TR92,6600.0,bc
F18HN93,F18TR93,6600.0,ab
F18HN94,F18TR94,6600.0,bc
F18HN95,F18TR95,6600.0,bc
F18HN96,F18TR96,6600.0,ca
F18HN97,F18TR97,6600.0,bc
F18HN98,F18TR98,6600.0,bc
F18HN99,F18TR99,6600.0,ca
F1HN10,F1TR10,6600.0,ab
F1HN100,F1TR100,6600.0,ca
F1HN101,F1TR101,6600.0,ab
F1HN102,F1TR102,6600.0,ca
F1HN103,F1TR103,6600.0,ca
F1HN104,F1TR104,6600.0,bc
F1HN106,F1TR106,6600.0,ab
F1HN107,F1TR107,6600.0,ca
F1HN108,F1TR108,6600.0,ab
F1HN109,F1TR109,6600.0,ab
F1HN11,F1TR11,6600.0,ab
F1HN110,F1TR110,6600.0,ab
F1HN111,F1TR111,6600.0,bc
F1HN112,F1TR112,6600.0,bc
F1HN114,F1TR114,6600.0,bc
F1HN115,F1TR115,6600.0,ab
F1HN117,F1TR117,6600.0,ca
F1HN118,F1TR118,6600.0,bc
F1HN12,F1TR12,6600.0,bc
F1HN121,F1TR121,6600.0,bc
F1HN122,F1TR122,6600.0,ab
F1HN123,F1TR123,6600.0,ab
F1HN124,F1TR124,6600.0,ab
F1HN126,F1TR126,6600.0,ab
F1HN128,F1TR128,6600.0,ca
F1HN129,F1TR129,6600.0,ca
F1HN13,F1TR13,6600.0,bc
F1HN130,F1TR130,6600.0,ca
F1HN133,F1TR133,6600.0,ca
F1HN134,F1TR134,6600.0,ca
F1HN136,F1TR136,6600.0,ab
F1HN137,F1TR137,6600.0,ca
F1HN139,F1TR139,6600.0,ab
F1HN14,F1TR14,6600.0,ca
F1HN140,F1TR140,6600.0,bc
F1HN141,F1TR141,6600.0,ca
F1HN142,F1TR142,6600.0,ca
F1HN143,F1TR143,6600.0,ca
F1HN144,F1TR144,6600.0,ab
F1HN145,F1TR145,6600.0,bc
F1HN146,F1TR146,6600.0,ca
F1HN147,F1TR147,6600.0,bc
F1HN148,F1TR148,6600.0,ab
F1HN149,F1TR149,6600.0,ab
F1HN15,F1TR15,6600.0,ca
F1HN150,F1TR150,6600.0,ab
F1HN151,F1TR151,6600.0,ca
F1HN152,F1TR152,6600.0,bc
F1HN153,F1TR153,6600.0,bc
F1HN154,F1TR154,6600.0,bc
F1HN155,F1TR155,6600.0,ca
F1HN156,F1TR156,6600.0,ab
F1HN157,F1TR157,6600.0,ab
F1HN158,F1TR158,6600.0,bc
F1HN159,F1TR159,6600.0,ab
F1HN16,F1TR16,6600.0,bc
F1HN160,F1TR160,6600.0,ca
F1HN161,F1TR161,6600.0,ab
F1HN17,F1TR17,6600.0,bc
F1HN18,F1TR18,6600.0,ca
F1HN19,F1TR19,6600.0,ab
F1HN20,F1TR20,6600.0,ca
F1HN21,F1TR21,6600.0,bc
F1HN22,F1TR22,6600.0,ca
F1HN23,F1TR23,6600.0,ca
F1HN24,F1TR24,6600.0,bc
F1HN25,F1TR25,6600.0,ca
F1HN27,F1TR27,6600.0,ca
F1HN28,F1TR28,6600.0,ab
F1HN29,F1TR29,6600.0,ab
F1HN3,F1TR3,6600.0,bc
F1HN30,F1TR30,6600.0,ca
F1HN31,F1TR31,6600.0,ab
F1HN32,F1TR32,6600.0,bc
F1HN33,F1TR33,6600.0,bc
F1HN34,F1TR34,6600.0,bc
F1HN35,F1TR35,6600.0,ab
F1HN36,F1TR36,6600.0,ca
F1HN37,F1TR37,6600.0,ab
F1HN38,F1TR38,6600.0,bc
F1HN39,F1TR39,6600.0,ca
F1HN4,F1TR4,6600.0,bc
F1HN40,F1TR40,6600.0,ab
F1HN41,F1TR41,6600.0,ca
F1HN42,F1TR42,6600.0,ca
F1HN43,F1TR43,6600.0,ab
F1HN44,F1TR44,6600.0,bc
F1HN47,F1TR47,6600.0,ab
F1HN48,F1TR48,6600.0,ab
F1HN49,F1TR49,6600.0,bc
F1HN5,F1TR5,6600.0,ca
F1HN52,F1TR52,6600.0,bc
F1HN54,F1TR54,6600.0,bc
F1HN58,F1TR58,6600.0,ca
F1HN6,F1TR6,6600.0,ab
F1HN62,F1TR62,6600.0,bc
F1HN67,F1TR67,6600.0,ca
F1HN68,F1TR68,6600.0,bc
F1HN69,F1TR69,6600.0,bc
F1HN7,F1TR7,6600.0,ab
F1HN70,F1TR70,6600.0,bc
F1HN71,F1TR71,6600.0,ab
F1HN72,F1TR72,6600.0,ab
F1HN73,F1TR73,6600.0,ab
F1HN75,F1TR75,6600.0,bc
F1HN77,F1TR77,6600.0,ca
F1HN78,F1TR78,6600.0,ab
F1HN80,F1TR80,6600.0,bc
F1HN82,F1TR82,6600.0,bc
F1HN83,F1TR83,6600.0,ab
F1HN85,F1TR85,6600.0,ab
F1HN86,F1TR86,6600.0,bc
F1HN87,F1TR87,6600.0,ca
F1HN9,F1TR9,6600.0,ca
F1HN90,F1TR90,6600.0,ca
F1HN91,F1TR91,6600.0,ca
F1HN92,F1TR92,6600.0,ab
F1HN93,F1TR93,6600.0,bc
F1HN97,F1TR97,6600.0,ca
F1HN98,F1TR98,6600.0,bc
F1HN99,F1TR99,6600.0,bc
F2HN10,F2TR10,6600.0,ab
F2HN100,F2TR100,6600.0,bc
F2HN102,F2TR102,6600.0,ca
F2HN103,F2TR103,6600.0,ab
F2HN105,F2TR105,6600.0,bc
F2HN108,F2TR108,6600.0,bc
F2HN11,F2TR11,6600.0,bc
F2HN13,F2TR13,6600.0,ab
F2HN14,F2TR14,6600.0,ab
F2HN15,F2TR15,6600.0,bc
F2HN17,F2TR17,6600.0,ab
F2HN18,F2TR18,6600.0,bc
F2HN19,F2TR19,6600.0,bc
F2HN20,F2TR20,6600.0,ab
F2HN21,F2TR21,6600.0,ca
F2HN23,F2TR23,6600.0,ab
F2HN24,F2TR24,6600.0,bc
F2HN26,F2TR26,6600.0,ca
F2HN28,F2TR28,6600.0,ab
F2HN29,F2TR29,6600.0,ab
F2HN30,F2TR30,6600.0,ca
F2HN32,F2TR32,6600.0,bc
F2HN33,F2TR33,6600.0,ab
F2HN34,F2TR34,6600.0,ab
F2HN35,F2TR35,6600.0,ab
F2HN36,F2TR36,6600.0,bc
F2HN38,F2TR38,6600.0,bc
F2HN39,F2TR39,6600.0,bc
F2HN4,F2TR4,6600.0,ca
F2HN43,F2TR43,6600.0,ab
F2HN44,F2TR44,6600.0,ab
F2HN45,F2TR45,6600.0,bc
F2HN47,F2TR47,6600.0,bc
F2HN48,F2TR48,6600.0,ca
F2HN5,F2TR5,6600.0,ca
F2HN50,F2TR50,6600.0,bc
F2HN51,F2TR51,6600.0,ca
F2HN52,F2TR52,6600.0,ab
F2HN53,F2TR53,6600.0,ab
F2HN54,F2TR54,6600.0,ab
F2HN55,F2TR55,6600.0,ca
F2HN58,F2TR58,6600.0,ab
F2HN59,F2TR59,6600.0,bc
F2HN6,F2TR6,6600.0,ca
F2HN60,F2TR60,6600.0,ab
F2HN61,F2TR61,6600.0,bc
F2HN62,F2TR62,6600.0,ca
F2HN63,F2TR63,6600.0,ca
F2HN64,F2TR64,6600.0,bc
F2HN65,F2TR65,6600.0,ab
F2HN66,F2TR66,6600.0,ca
F2HN67,F2TR67,6600.0,ab
F2HN68,F2TR68,6600.0,ca
F2HN7,F2TR7,6600.0,ab
F2HN72,F2TR72,6600.0,ca
F2HN73,F2TR73,6600.0,bc
F2HN74,F2TR74,6600.0,ab
F2HN75,F2TR75,6600.0,bc
F2HN76,F2TR76,6600.0,ab
F2HN77,F2TR77,6600.0,bc
F2HN78,F2TR78,6600.0,bc
F2HN79,F2TR79,6600.0,ca
F2HN8,F2TR8,6600.0,ab
F2HN80,F2TR80,6600.0,bc
F2HN81,F2TR81,6600.0,ca
F2HN83,F2TR83,6600.0,ca
F2HN84,F2TR84,6600.0,ca
F2HN88,F2TR88,6600.0,ca
F2HN89,F2TR89,6600.0,ab
F2HN9,F2TR9,6600.0,ca
F2HN90,F2TR90,6600.0,bc
F2HN93,F2TR93,6600.0,bc
F2HN94,F2TR94,6600.0,ab
F2HN96,F2TR96,6600.0,ca
F2HN98,F2TR98,6600.0,ca
F2HN99,F2TR99,6600.0,ca
F3HN10,F3TR10,6600.0,ab
F3HN100,F3TR100,6600.0,ab
F3HN102,F3TR102,6600.0,bc
F3HN105,F3TR105,6600.0,bc
F3HN106,F3TR106,6600.0,ab
F3HN107,F3TR107,6600.0,ab
F3HN109,F3TR109,6600.0,ab
F3HN110,F3TR110,6600.0,ca
F3HN111,F3TR111,6600.0,bc
F3HN112,F3TR112,6600.0,ca
F3HN113,F3TR113,6600.0,ab
F3HN114,F3TR114,6600.0,ca
F3HN115,F3TR115,6600.0,bc
F3HN116,F3TR116,6600.0,ca
F3HN117,F3TR117,6600.0,ca
F3HN119,F3TR119,6600.0,ab
F3HN12,F3TR12,6600.0,ca
F3HN120,F3TR120,6600.0,bc
F3HN121,F3TR121,6600.0,bc
F3HN122,F3TR122,6600.0,ca
F3HN123,F3TR123,6600.0,ab
F3HN126,F3TR126,6600.0,ca
F3HN127,F3TR127,6600.0,ca
F3HN128,F3TR128,6600.0,bc
F3HN129,F3TR129,6600.0,ca
F3HN13,F3TR13,6600.0,ab
F3HN131,F3TR131,6600.0,bc
F3HN132,F3TR132,6600.0,ca
F3HN133,F3TR133,6600.0,ca
F3HN134,F3TR134,6600.0,bc
F3HN135,F3TR135,6600.0,bc
F3HN136,F3TR136,6600.0,ab
F3HN137,F3TR137,6600.0,ab
F3HN138,F3TR138,6600.0,bc
F3HN140,F3TR140,6600.0,bc
F3HN142,F3TR142,6600.0,ab
F3HN143,F3TR143,6600.0,ab
F3HN144,F3TR144,6600.0,ca
F3HN145,F3TR145,6600.0,ca
F3HN146,F3TR146,6600.0,ab
F3HN147,F3TR147,6600.0,bc
F3HN149,F3TR149,6600.0,bc
F3HN15,F3TR15,6600.0,bc
F3HN150,F3TR150,6600.0,ca
F3HN151,F3TR151,6600.0,bc
F3HN152,F3TR152,6600.0,bc
F3HN153,F3TR153,6600.0,ab
F3HN154,F3TR154,6600.0,ab
F3HN156,F3TR156,6600.0,ca
F3HN157,F3TR157,6600.0,ab
F3HN16,F3TR16,6600.0,bc
F3HN160,F3TR160,6600.0,bc
F3HN161,F3TR161,6600.0,ab
F3HN162,F3TR162,6600.0,ca
F3HN163,F3TR163,6600.0,ca
F3HN17,F3TR17,6600.0,ab
F3HN19,F3TR19,6600.0,bc
F3HN20,F3TR20,6600.0,ab
F3HN21,F3TR21,6600.0,bc
F3HN23,F3TR23,6600.0,ab
F3HN24,F3TR24,6600.0,ca
F3HN25,F3TR25,6600.0,ca
F3HN27,F3TR27,6600.0,ca
F3HN28,F3TR28,6600.0,ab
F3HN30,F3TR30,6600.0,ca
F3HN31,F3TR31,6600.0,bc
F3HN33,F3TR33,6600.0,bc
F3HN37,F3TR37,6600.0,ca
F3HN38,F3TR38,6600.0,ab
F3HN39,F3TR39,6600.0,ab
F3HN4,F3TR4,6600.0,ca
F3HN41,F3TR41,6600.0,ab
F3HN43,F3TR43,6600.0,ca
F3HN45,F3TR45,6600.0,ca
F3HN46,F3TR46,6600.0,bc
F3HN47,F3TR47,6600.0,ab
F3HN5,F3TR5,6600.0,bc
F3HN50,F3TR50,6600.0,bc
F3HN51,F3TR51,6600.0,ab
F3HN52,F3TR52,6600.0,ab
F3HN53,F3TR53,6600.0,ca
F3HN55,F3TR55,6600.0,bc
F3HN56,F3TR56,6600.0,ca
F3HN57,F3TR57,6600.0,ab
F3HN58,F3TR58,6600.0,bc
F3HN59,F3TR59,6600.0,ab
F3HN6,F3TR6,6600.0,ab
F3HN60,F3TR60,6600.0,ab
F3HN61,F3TR61,6600.0,ca
F3HN62,F3TR62,6600.0,bc
F3HN63,F3TR63,6600.0,ab
F3HN64,F3TR64,6600.0,ca
F3HN67,F3TR67,6600.0,ab
F3HN68,F3TR68,6600.0,ca
F3HN69,F3TR69,6600.0,ab
F3HN7,F3TR7,6600.0,ca
F3HN70,F3TR70,6600.0,ab
F3HN71,F3TR71,6600.0,ab
F3HN72,F3TR72,6600.0,ca
F3HN73,F3TR73,6600.0,ca
F3HN74,F3TR74,6600.0,ab
F3HN77,F3TR77,6600.0,ab
F3HN79,F3TR79,6600.0,bc
F3HN80,F3TR80,6600.0,bc
F3HN81,F3TR81,6600.0,bc
F3HN82,F3TR82,6600.0,ca
F3HN83,F3TR83,6600.0,ca
F3HN84,F3TR84,6600.0,bc
F3HN85,F3TR85,6600.0,bc
F3HN86,F3TR86,6600.0,bc
F3HN87,F3TR87,6600.0,ab
F3HN88,F3TR88,6600.0,ab
F3HN89,F3TR89,6600.0,bc
F3HN9,F3TR9,6600.0,ca
F3HN90,F3TR90,6600.0,bc
F3HN91,F3TR91,6600.0,ab
F3HN92,F3TR92,6600.0,bc
F3HN93,F3TR93,6600.0,ab
F3HN94,F3TR94,6600.0,bc
F3HN95,F3TR95,6600.0,bc
F3HN96,F3TR96,6600.0,ca
F3HN97,F3TR97,6600.0,bc
F3HN98,F3TR98,6600.0,bc
F3HN99,F3TR99,6600.0,ca
F4HN10,F4TR10,6600.0,ab
F4HN100,F4TR100,6600.0,bc
F4HN102,F4TR102,6600.0,ca
F4HN103,F4TR103,6600.0,ab
F4HN105,F4TR105,6600.0,bc
F4HN108,F4TR108,6600.0,bc
F4HN11,F4TR11,6600.0,bc
F4HN13,F4TR13,6600.0,ab
F4HN14,F4TR14,6600.0,ab
F4HN15,F4TR15,6600.0,bc
F4HN17,F4TR17,6600.0,ab
F4HN18,F4TR18,6600.0,bc
F4HN19,F4TR19,6600.0,bc
F4HN20,F4TR20,6600.0,ab
F4HN21,F4TR21,6600.0,ca
F4HN23,F4TR23,6600.0,ab
F4HN24,F4TR24,6600.0,bc
F4HN26,F4TR26,6600.0,ca
F4HN28,F4TR28,6600.0,ab
F4HN29,F4TR29,6600.0,ab
F4HN30,F4TR30,6600.0,ca
F4HN32,F4TR32,6600.0,bc
F4HN33,F4TR33,6600.0,ab
F4HN34,F4TR34,6600.0,ab
F4HN35,F4TR35,6600.0,ab
F4HN36,F4TR36,6600.0,bc
F4HN38,F4TR38,6600.0,bc
F4HN39,F4TR39,6600.0,bc
F4HN4,F4TR4,6600.0,ca
F4HN43,F4TR43,6600.0,ab
F4HN44,F4TR44,6600.0,ab
F4HN45,F4TR45,6600.0,bc
F4HN47,F4TR47,6600.0,bc
F4HN48,F4TR48,6600.0,ca
F4HN5,F4TR5,6600.0,ca
F4HN50,F4TR50,6600.0,bc
F4HN51,F4TR51,6600.0,ca
F4HN52,F4TR52,6600.0,ab
F4HN53,F4TR53,6600.0,ab
F4HN54,F4TR54,6600.0,ab
F4HN55,F4TR55,6600.0,ca
F4HN58,F4TR58,6600.0,ab
F4HN59,F4TR59,6600.0,bc
F4HN6,F4TR6,6600.0,ca
F4HN60,F4TR60,6600.0,ab
F4HN61,F4TR61,6600.0,bc
F4HN62,F4TR62,6600.0,ca
F4HN63,F4TR63,6600.0,ca
F4HN64,F4TR64,6600.0,bc
F4HN65,F4TR65,6600.0,ab
F4HN66,F4TR66,6600.0,ca
F4HN67,F4TR67,6600.0,ab
F4HN68,F4TR68,6600.0,ca
F4HN7,F4TR7,6600.0,ab
F4HN72,F4TR72,6600.0,ca
F4HN73,F4TR73,6600.0,bc
F4HN74,F4TR74,6600.0,ab
F4HN75,F4TR75,6600.0,bc
F4HN76,F4TR76,6600.0,ab
F4HN77,F4TR77,6600.0,bc
F4HN78,F4TR78,6600.0,bc
F4HN79,F4TR79,6600.0,ca
F4HN8,F4TR8,6600.0,ab
F4HN80,F4TR80,6600.0,bc
F4HN81,F4TR81,6600.0,ca
F4HN83,F4TR83,6600.0,ca
F4HN84,F4TR84,6600.0,ca
F4HN88,F4TR88,6600.0,ca
F4HN89,F4TR89,6600.0,ab
F4HN9,F4TR9,6600.0,ca
F4HN90,F4TR90,6600.0,bc
F4HN93,F4TR93,6600.0,bc
F4HN94,F4TR94,6600.0,ab
F4HN96,F4TR96,6600.0,ca
F4HN98,F4TR98,6600.0,ca
F4HN99,F4TR99,6600.0,ca
F5HN10,F5TR10,6600.0,ab
F5HN100,F5TR100,6600.0,ab
F5HN102,F5TR102,6600.0,bc
F5HN105,F5TR105,6600.0,bc
F5HN106,F5TR106,6600.0,ab
F5HN107,F5TR107,6600.0,ab
F5HN109,F5TR109,6600.0,ab
F5HN110,F5TR110,6600.0,ca
F5HN111,F5TR111,6600.0,bc
F5HN112,F5TR112,6600.0,ca
F5HN113,F5TR113,6600.0,ab
F5HN114,F5TR114,6600.0,ca
F5HN115,F5TR115,6600.0,bc
F5HN116,F5TR116,6600.0,ca
F5HN117,F5TR117,6600.0,ca
F5HN119,F5TR119,6600.0,ab
F5HN12,F5TR12,6600.0,ca
F5HN120,F5TR120,6600.0,bc
F5HN121,F5TR121,6600.0,bc
F5HN122,F5TR122,6600.0,ca
F5HN123,F5TR123,6600.0,ab
F5HN126,F5TR126,6600.0,ca
F5HN127,F5TR127,6600.0,ca
F5HN128,F5TR128,6600.0,bc
F5HN129,F5TR129,6600.0,ca
F5HN13,F5TR13,6600.0,ab
F5HN131,F5TR131,6600.0,bc
F5HN132,F5TR132,6600.0,ca
F5HN133,F5TR133,6600.0,ca
F5HN134,F5TR134,6600.0,bc
F5HN135,F5TR135,6600.0,bc
F5HN136,F5TR136,6600.0,ab
F5HN137,F5TR137,6600.0,ab
F5HN138,F5TR138,6600.0,bc
F5HN140,F5TR140,6600.0,bc
F5HN142,F5TR142,6600.0,ab
F5HN143,F5TR143,6600.0,ab
F5HN144,F5TR144,6600.0,ca
F5HN145,F5TR145,6600.0,ca
F5HN146,F5TR146,6600.0,ab
F5HN147,F5TR147,6600.0,bc
F5HN149,F5TR149,6600.0,bc
F5HN15,F5TR15,6600.0,bc
F5HN150,F5TR150,6600.0,ca
F5HN151,F5TR151,6600.0,bc
F5HN152,F5TR152,6600.0,bc
F5HN153,F5TR153,6600.0,ab
F5HN154,F5TR154,6600.0,ab
F5HN156,F5TR156,6600.0,ca
F5HN157,F5TR157,6600.0,ab
F5HN16,F5TR16,6600.0,bc
F5HN160,F5TR160,6600.0,bc
F5HN161,F5TR161,6600.0,ab
F5HN162,F5TR162,6600.0,ca
F5HN163,F5TR163,6600.0,ca
F5HN17,F5TR17,6600.0,ab
F5HN19,F5TR19,6600.0,bc
F5HN20,F5TR20,6600.0,ab
F5HN21,F5TR21,6600.0,bc
F5HN23,F5TR23,6600.0,ab
F5HN24,F5TR24,6600.0,ca
F5HN25,F5TR25,6600.0,ca
F5HN27,F5TR27,6600.0,ca
F5HN28,F5TR28,6600.0,ab
F5HN30,F5TR30,6600.0,ca
F5HN31,F5TR31,6600.0,bc
F5HN33,F5TR33,6600.0,bc
F5HN37,F5TR37,6600.0,ca
F5HN38,F5TR38,6600.0,ab
F5HN39,F5TR39,6600.0,ab
F5HN4,F5TR4,6600.0,ca
F5HN41,F5TR41,6600.0,ab
F5HN43,F5TR43,6600.0,ca
F5HN45,F5TR45,6600.0,ca
F5HN46,F5TR46,6600.0,bc
F5HN47,F5TR47,6600.0,ab
F5HN5,F5TR5,6600.0,bc
F5HN50,F5TR50,6600.0,bc
F5HN51,F5TR51,6600.0,ab
F5HN52,F5TR52,6600.0,ab
F5HN53,F5TR53,6600.0,ca
F5HN55,F5TR55,6600.0,bc
F5HN56,F5TR56,6600.0,ca
F5HN57,F5TR57,6600.0,ab
F5HN58,F5TR58,6600.0,bc
F5HN59,F5TR59,6600.0,ab
F5HN6,F5TR6,6600.0,ab
F5HN60,F5TR60,6600.0,ab
F5HN61,F5TR61,6600.0,ca
F5HN62,F5TR62,6600.0,bc
F5HN63,F5TR63,6600.0,ab
F5HN64,F5TR64,6600.0,ca
F5HN67,F5TR67,6600.0,ab
F5HN68,F5TR68,6600.0,ca
F5HN69,F5TR69,6600.0,ab
F5HN7,F5TR7,6600.0,ca
F5HN70,F5TR70,6600.0,ab
F5HN71,F5TR71,6600.0,ab
F5HN72,F5TR72,6600.0,ca
F5HN73,F5TR73,6600.0,ca
F5HN74,F5TR74,6600.0,ab
F5HN77,F5TR77,6600.0,ab
F5HN79,F5TR79,6600.0,bc
F5HN80,F5TR80,6600.0,bc
F5HN81,F5TR81,6600.0,bc
F5HN82,F5TR82,6600.0,ca
F5HN83,F5TR83,6600.0,ca
F5HN84,F5TR84,6600.0,bc
F5HN85,F5TR85,6600.0,bc
F5HN86,F5TR86,6600.0,bc
F5HN87,F5TR87,6600.0,ab
F5HN88,F5TR88,6600.0,ab
F5HN89,F5TR89,6600.0,bc
F5HN9,F5TR9,6600.0,ca
F5HN90,F5TR90,6600.0,bc
F5HN91,F5TR91,6600.0,ab
F5HN92,F5TR92,6600.0,bc
F5HN93,F5TR93,6600.0,ab
F5HN94,F5TR94,6600.0,bc
F5HN95,F5TR95,6600.0,bc
F5HN96,F5TR96,6600.0,ca
F5HN97,F5TR97,6600.0,bc
F5HN98,F5TR98,6600.0,bc
F5HN99,F5TR99,6600.0,ca
F6HN10,F6TR10,6600.0,ab
F6HN100,F6TR100,6600.0,ab
F6HN102,F6TR102,6600.0,bc
F6HN105,F6TR105,6600.0,bc
F6HN106,F6TR106,6600.0,ab
F6HN107,F6TR107,6600.0,ab
F6HN109,F6TR109,6600.0,ab
F6HN110,F6TR110,6600.0,ca
F6HN111,F6TR111,6600.0,bc
F6HN112,F6TR112,6600.0,ca
F6HN113,F6TR113,6600.0,ab
F6HN114,F6TR114,6600.0,ca
F6HN115,F6TR115,6600.0,bc
F6HN116,F6TR116,6600.0,ca
F6HN117,F6TR117,6600.0,ca
F6HN119,F6TR119,6600.0,ab
F6HN12,F6TR12,6600.0,ca
F6HN120,F6TR120,6600.0,bc
F6HN121,F6TR121,6600.0,bc
F6HN122,F6TR122,6600.0,ca
F6HN123,F6TR123,6600.0,ab
F6HN126,F6TR126,6600.0,ca
F6HN127,F6TR127,6600.0,ca
F6HN128,F6TR128,6600.0,bc
F6HN129,F6TR129,6600.0,ca
F6HN13,F6TR13,6600.0,ab
F6HN131,F6TR131,6600.0,bc
F6HN132,F6TR132,6600.0,ca
F6HN133,F6TR133,6600.0,ca
F6HN134,F6TR134,6600.0,bc
F6HN135,F6TR135,6600.0,bc
F6HN136,F6TR136,6600.0,ab
F6HN137,F6TR137,6600.0,ab
F6HN138,F6TR138,6600.0,bc
F6HN140,F6TR140,6600.0,bc
F6HN142,F6TR142,6600.0,ab
F6HN143,F6TR143,6600.0,ab
F6HN144,F6TR144,6600.0,ca
F6HN145,F6TR145,6600.0,ca
F6HN146,F6TR146,6600.0,ab
F6HN147,F6TR147,6600.0,bc
F6HN149,F6TR149,6600.0,bc
F6HN15,F6TR15,6600.0,bc
F6HN150,F6TR150,6600.0,ca
F6HN151,F6TR151,6600.0,bc
F6HN152,F6TR152,6600.0,bc
F6HN153,F6TR153,6600.0,ab
F6HN154,F6TR154,6600.0,ab
F6HN156,F6TR156,6600.0,ca
F6HN157,F6TR157,6600.0,ab
F6HN16,F6TR16,6600.0,bc
F6HN160,F6TR160,6600.0,bc
F6HN161,F6TR161,6600.0,ab
F6HN162,F6TR162,6600.0,ca
F6HN163,F6TR163,6600.0,ca
F6HN17,F6TR17,6600.0,ab
F6HN19,F6TR19,6600.0,bc
F6HN20,F6TR20,6600.0,ab
F6HN21,F6TR21,6600.0,bc
F6HN23,F6TR23,6600.0,ab
F6HN24,F6TR24,6600.0,ca
F6HN25,F6TR25,6600.0,ca
F6HN27,F6TR27,6600.0,ca
F6HN28,F6TR28,6600.0,ab
F6HN30,F6TR30,6600.0,ca
F6HN31,F6TR31,6600.0,bc
F6HN33,F6TR33,6600.0,bc
F6HN37,F6TR37,6600.0,ca
F6HN38,F6TR38,6600.0,ab
F6HN39,F6TR39,6600.0,ab
F6HN4,F6TR4,6600.0,ca
F6HN41,F6TR41,6600.0,ab
F6HN43,F6TR43,6600.0,ca
F6HN45,F6TR45,6600.0,ca
F6HN46,F6TR46,6600.0,bc
F6HN47,F6TR47,6600.0,ab
F6HN5,F6TR5,6600.0,bc
F6HN50,F6TR50,6600.0,bc
F6HN51,F6TR51,6600.0,ab
F6HN52,F6TR52,6600.0,ab
F6HN53,F6TR53,6600.0,ca
F6HN55,F6TR55,6600.0,bc
F6HN56,F6TR56,6600.0,ca
F6HN57,F6TR57,6600.0,ab
F6HN58,F6TR58,6600.0,bc
F6HN59,F6TR59,6600.0,ab
F6HN6,F6TR6,6600.0,ab
F6HN60,F6TR60,6600.0,ab
F6HN61,F6TR61,6600.0,ca
F6HN62,F6TR62,6600.0,bc
F6HN63,F6TR63,6600.0,ab
F6HN64,F6TR64,6600.0,ca
F6HN67,F6TR67,6600.0,ab
F6HN68,F6TR68,6600.0,ca
F6HN69,F6TR69,6600.0,ab
F6HN7,F6TR7,6600.0,ca
F6HN70,F6TR70,6600.0,ab
F6HN71,F6TR71,6600.0,ab
F6HN72,F6TR72,6600.0,ca
F6HN73,F6TR73,6600.0,ca
F6HN74,F6TR74,6600.0,ab
F6HN77,F6TR77,6600.0,ab
F6HN79,F6TR79,6600.0,bc
F6HN80,F6TR80,6600.0,bc
F6HN81,F6TR81,6600.0,bc
F6HN82,F6TR82,6600.0,ca
F6HN83,F6TR83,6600.0,ca
F6HN84,F6TR84,6600.0,bc
F6HN85,F6TR85,6600.0,bc
F6HN86,F6TR86,6600.0,bc
F6HN87,F6TR87,6600.0,ab
F6HN88,F6TR88,6600.0,ab
F6HN89,F6TR89,6600.0,bc
F6HN9,F6TR9,6600.0,ca
F6HN90,F6TR90,6600.0,bc
F6HN91,F6TR91,6600.0,ab
F6HN92,F6TR92,6600.0,bc
F6HN93,F6TR93,6600.0,ab
F6HN94,F6TR94,6600.0,bc
F6HN95,F6TR95,6600.0,bc
F6HN96,F6TR96,6600.0,ca
F6HN97,F6TR97,6600.0,bc
F6HN98,F6TR98,6600.0,bc
F6HN99,F6TR99,6600.0,ca
F7HN10,F7TR10,6600.0,ab
F7HN100,F7TR100,6600.0,ca
F7HN101,F7TR101,6600.0,ab
F7HN102,F7TR102,6600.0,ca
F7HN103,F7TR103,6600.0,ca
F7HN104,F7TR104,6600.0,bc
F7HN106,F7TR106,6600.0,ab
F7HN107,F7TR107,6600.0,ca
F7HN108,F7TR108,6600.0,ab
F7HN109,F7TR109,6600.0,ab
F7HN11,F7TR11,6600.0,ab
F7HN110,F7TR110,6600.0,ab
F7HN111,F7TR111,6600.0,bc
F7HN112,F7TR112,6600.0,bc
F7HN114,F7TR114,6600.0,bc
F7HN115,F7TR115,6600.0,ab
F7HN117,F7TR117,6600.0,ca
F7HN118,F7TR118,6600.0,bc
F7HN12,F7TR12,6600.0,bc
F7HN121,F7TR121,6600.0,bc
F7HN122,F7TR122,6600.0,ab
F7HN123,F7TR123,6600.0,ab
F7HN124,F7TR124,6600.0,ab
F7HN126,F7TR126,6600.0,ab
F7HN128,F7TR128,6600.0,ca
F7HN129,F7TR129,6600.0,ca
F7HN13,F7TR13,6600.0,bc
F7HN130,F7TR130,6600.0,ca
F7HN133,F7TR133,6600.0,ca
F7HN134,F7TR134,6600.0,ca
F7HN136,F7TR136,6600.0,ab
F7HN137,F7TR137,6600.0,ca
F7HN139,F7TR139,6600.0,ab
F7HN14,F7TR14,6600.0,ca
F7HN140,F7TR140,6600.0,bc
F7HN141,F7TR141,6600.0,ca
F7HN142,F7TR142,6600.0,ca
F7HN143,F7TR143,6600.0,ca
F7HN144,F7TR144,6600.0,ab
F7HN145,F7TR145,6600.0,bc
F7HN146,F7TR146,6600.0,ca
F7HN147,F7TR147,6600.0,bc
F7HN148,F7TR148,6600.0,ab
F7HN149,F7TR149,6600.0,ab
F7HN15,F7TR15,6600.0,ca
F7HN150,F7TR150,6600.0,ab
F7HN151,F7TR151,6600.0,ca
F7HN152,F7TR152,6600.0,bc
F7HN153,F7TR153,6600.0,bc
F7HN154,F7TR154,6600.0,bc
F7HN155,F7TR155,6600.0,ca
F7HN156,F7TR156,6600.0,ab
F7HN157,F7TR157,6600.0,ab
F7HN158,F7TR158,6600.0,bc
F7HN159,F7TR159,6600.0,ab
F7HN16,F7TR16,6600.0,bc
F7HN160,F7TR160,6600.0,ca
F7HN161,F7TR161,6600.0,ab
F7HN17,F7TR17,6600.0,bc
F7HN18,F7TR18,6600.0,ca
F7HN19,F7TR19,6600.0,ab
F7HN20,F7TR20,6600.0,ca
F7HN21,F7TR21,6600.0,bc
F7HN22,F7TR22,6600.0,ca
F7HN23,F7TR23,6600.0,ca
F7HN24,F7TR24,6600.0,bc
F7HN25,F7TR25,6600.0,ca
F7HN27,F7TR27,6600.0,ca
F7HN28,F7TR28,6600.0,ab
F7HN29,F7TR29,6600.0,ab
F7HN3,F7TR3,6600.0,bc
F7HN30,F7TR30,6600.0,ca
F7HN31,F7TR31,6600.0,ab
F7HN32,F7TR32,6600.0,bc
F7HN33,F7TR33,6600.0,bc
F7HN34,F7TR34,6600.0,bc
F7HN35,F7TR35,6600.0,ab
F7HN36,F7TR36,6600.0,ca
F7HN37,F7TR37,6600.0,ab
F7HN38,F7TR38,6600.0,bc
F7HN39,F7TR39,6600.0,ca
F7HN4,F7TR4,6600.0,bc
F7HN40,F7TR40,6600.0,ab
F7HN41,F7TR41,6600.0,ca
F7HN42,F7TR42,6600.0,ca
F7HN43,F7TR43,6600.0,ab
F7HN44,F7TR44,6600.0,bc
F7HN47,F7TR47,6600.0,ab
F7HN48,F7TR48,6600.0,ab
F7HN49,F7TR49,6600.0,bc
F7HN5,F7TR5,6600.0,ca
F7HN52,F7TR52,6600.0,bc
F7HN54,F7TR54,6600.0,bc
F7HN58,F7TR58,6600.0,ca
F7HN6,F7TR6,6600.0,ab
F7HN62,F7TR62,6600.0,bc
F7HN67,F7TR67,6600.0,ca
F7HN68,F7TR68,6600.0,bc
F7HN69,F7TR69,6600.0,bc
F7HN7,F7TR7,6600.0,ab
F7HN70,F7TR70,6600.0,bc
F7HN71,F7TR71,6600.0,ab
F7HN72,F7TR72,6600.0,ab
F7HN73,F7TR73,6600.0,ab
F7HN75,F7TR75,6600.0,bc
F7HN77,F7TR77,6600.0,ca
F7HN78,F7TR78,6600.0,ab
F7HN80,F7TR80,6600.0,bc
F7HN82,F7TR82,6600.0,bc
F7HN83,F7TR83,6600.0,ab
F7HN85,F7TR85,6600.0,ab
F7HN86,F7TR86,6600.0,bc
F7HN87,F7TR87,6600.0,ca
F7HN9,F7TR9,6600.0,ca
F7HN90,F7TR90,6600.0,ca
F7HN91,F7TR91,6600.0,ca
F7HN92,F7TR92,6600.0,ab
F7HN93,F7TR93,6600.0,bc
F7HN97,F7TR97,6600.0,ca
F7HN98,F7TR98,6600.0,bc
F7HN99,F7TR99,6600.0,bc
F8HN10,F8TR10,6600.0,ab
F8HN100,F8TR100,6600.0,ab
F8HN102,F8TR102,6600.0,bc
F8HN105,F8TR105,6600.0,bc
F8HN106,F8TR106,6600.0,ab
F8HN107,F8TR107,6600.0,ab
F8HN109,F8TR109,6600.0,ab
F8HN110,F8TR110,6600.0,ca
F8HN111,F8TR111,6600.0,bc
F8HN112,F8TR112,6600.0,ca
F8HN113,F8TR113,6600.0,ab
F8HN114,F8TR114,6600.0,ca
F8HN115,F8TR115,6600.0,bc
F8HN116,F8TR116,6600.0,ca
F8HN117,F8TR117,6600.0,ca
F8HN119,F8TR119,6600.0,ab
F8HN12,F8TR12,6600.0,ca
F8HN120,F8TR120,6600.0,bc
F8HN121,F8TR121,6600.0,bc
F8HN122,F8TR122,6600.0,ca
F8HN123,F8TR123,6600.0,ab
F8HN126,F8TR126,6600.0,ca
F8HN127,F8TR127,6600.0,ca
F8HN128,F8TR128,6600.0,bc
F8HN129,F8TR129,6600.0,ca
F8HN13,F8TR13,6600.0,ab
F8HN131,F8TR131,6600.0,bc
F8HN132,F8TR132,6600.0,ca
F8HN133,F8TR133,6600.0,ca
F8HN134,F8TR134,6600.0,bc
F8HN135,F8TR135,6600.0,bc
F8HN136,F8TR136,6600.0,ab
F8HN137,F8TR137,6600.0,ab
F8HN138,F8TR138,6600.0,bc
F8HN140,F8TR140,6600.0,bc
F8HN142,F8TR142,6600.0,ab
F8HN143,F8TR143,6600.0,ab
F8HN144,F8TR144,6600.0,ca
F8HN145,F8TR145,6600.0,ca
F8HN146,F8TR146,6600.0,ab
F8HN147,F8TR147,6600.0,bc
F8HN149,F8TR149,6600.0,bc
F8HN15,F8TR15,6600.0,bc
F8HN150,F8TR150,6600.0,ca
F8HN151,F8TR151,6600.0,bc
F8HN152,F8TR152,6600.0,bc
F8HN153,F8TR153,6600.0,ab
F8HN154,F8TR154,6600.0,ab
F8HN156,F8TR156,6600.0,ca
F8HN157,F8TR157,6600.0,ab
F8HN16,F8TR16,6600.0,bc
F8HN160,F8TR160,6600.0,bc
F8HN161,F8TR161,6600.0,ab
F8HN162,F8TR162,6600.0,ca
F8HN163,F8TR163,6600.0,ca
F8HN17,F8TR17,6600.0,ab
F8HN19,F8TR19,6600.0,bc
F8HN20,F8TR20,6600.0,ab
F8HN21,F8TR21,6600.0,bc
F8HN23,F8TR23,6600.0,ab
F8HN24,F8TR24,6600.0,ca
F8HN25,F8TR25,6600.0,ca
F8HN27,F8TR27,6600.0,ca
F8HN28,F8TR28,6600.0,ab
F8HN30,F8TR30,6600.0,ca
F8HN31,F8TR31,6600.0,bc
F8HN33,F8TR33,6600.0,bc
F8HN37,F8TR37,6600.0,ca
F8HN38,F8TR38,6600.0,ab
F8HN39,F8TR39,6600.0,ab
F8HN4,F8TR4,6600.0,ca
F8HN41,F8TR41,6600.0,ab
F8HN43,F8TR43,6600.0,ca
F8HN45,F8TR45,6600.0,ca
F8HN46,F8TR46,6600.0,bc
F8HN47,F8TR47,6600.0,ab
F8HN5,F8TR5,6600.0,bc
F8HN50,F8TR50,6600.0,bc
F8HN51,F8TR51,6600.0,ab
F8HN52,F8TR52,6600.0,ab
F8HN53,F8TR53,6600.0,ca
F8HN55,F8TR55,6600.0,bc
F8HN56,F8TR56,6600.0,ca
F8HN57,F8TR57,6600.0,ab
F8HN58,F8TR58,6600.0,bc
F8HN59,F8TR59,6600.0,ab
F8HN6,F8TR6,6600.0,ab
F8HN60,F8TR60,6600.0,ab
F8HN61,F8TR61,6600.0,ca
F8HN62,F8TR62,6600.0,bc
F8HN63,F8TR63,6600.0,ab
F8HN64,F8TR64,6600.0,ca
F8HN67,F8TR67,6600.0,ab
F8HN68,F8TR68,6600.0,ca
F8HN69,F8TR69,6600.0,ab
F8HN7,F8TR7,6600.0,ca
F8HN70,F8TR70,6600.0,ab
F8HN71,F8TR71,6600.0,ab
F8HN72,F8TR72,6600.0,ca
F8HN73,F8TR73,6600.0,ca
F8HN74,F8TR74,6600.0,ab
F8HN77,F8TR77,6600.0,ab
F8HN79,F8TR79,6600.0,bc
F8HN80,F8TR80,6600.0,bc
F8HN81,F8TR81,6600.0,bc
F8HN82,F8TR82,6600.0,ca
F8HN83,F8TR83,6600.0,ca
F8HN84,F8TR84,6600.0,bc
F8HN85,F8TR85,6600.0,bc
F8HN86,F8TR86,6600.0,bc
F8HN87,F8TR87,6600.0,ab
F8HN88,F8TR88,6600.0,ab
F8HN89,F8TR89,6600.0,bc
F8HN9,F8TR9,6600.0,ca
F8HN90,F8TR90,6600.0,bc
F8HN91,F8TR91,6600.0,ab
F8HN92,F8TR92,6600.0,bc
F8HN93,F8TR93,6600.0,ab
F8HN94,F8TR94,6600.0,bc
F8HN95,F8TR95,6600.0,bc
F8HN96,F8TR96,6600.0,ca
F8HN97,F8TR97,6600.0,bc
F8HN98,F8TR98,6600.0,bc
F8HN99,F8TR99,6600.0,ca
F9HN10,F9TR10,6600.0,ab
F9HN100,F9TR100,6600.0,bc
F9HN102,F9TR102,6600.0,ca
F9HN103,F9TR103,6600.0,ab
F9HN105,F9TR105,6600.0,bc
F9HN108,F9TR108,6600.0,bc
F9HN11,F9TR11,6600.0,bc
F9HN13,F9TR13,6600.0,ab
F9HN14,F9TR14,6600.0,ab
F9HN15,F9TR15,6600.0,bc
F9HN17,F9TR17,6600.0,ab
F9HN18,F9TR18,6600.0,bc
F9HN19,F9TR19,6600.0,bc
F9HN20,F9TR20,6600.0,ab
F9HN21,F9TR21,6600.0,ca
F9HN23,F9TR23,6600.0,ab
F9HN24,F9TR24,6600.0,bc
F9HN26,F9TR26,6600.0,ca
F9HN28,F9TR28,6600.0,ab
F9HN29,F9TR29,6600.0,ab
F9HN30,F9TR30,6600.0,ca
F9HN32,F9TR32,6600.0,bc
F9HN33,F9TR33,6600.0,ab
F9HN34,F9TR34,6600.0,ab
F9HN35,F9TR35,6600.0,ab
F9HN36,F9TR36,6600.0,bc
F9HN38,F9TR38,6600.0,bc
F9HN39,F9TR39,6600.0,bc
F9HN4,F9TR4,6600.0,ca
F9HN43,F9TR43,6600.0,ab
F9HN44,F9TR44,6600.0,ab
F9HN45,F9TR45,6600.0,bc
F9HN47,F9TR47,6600.0,bc
F9HN48,F9TR48,6600.0,ca
F9HN5,F9TR5,6600.0,ca
F9HN50,F9TR50,6600.0,bc
F9HN51,F9TR51,6600.0,ca
F9HN52,F9TR52,6600.0,ab
F9HN53,F9TR53,6600.0,ab
F9HN54,F9TR54,6600.0,ab
F9HN55,F9TR55,6600.0,ca
F9HN58,F9TR58,6600.0,ab
F9HN59,F9TR59,6600.0,bc
F9HN6,F9TR6,6600.0,ca
F9HN60,F9TR60,6600.0,ab
F9HN61,F9TR61,6600.0,bc
F9HN62,F9TR62,6600.0,ca
F9HN63,F9TR63,6600.0,ca
F9HN64,F9TR64,6600.0,bc
F9HN65,F9TR65,6600.0,ab
F9HN66,F9TR66,6600.0,ca
F9HN67,F9TR67,6600.0,ab
F9HN68,F9TR68,6600.0,ca
F9HN7,F9TR7,6600.0,ab
F9HN72,F9TR72,6600.0,ca
F9HN73,F9TR73,6600.0,bc
F9HN74,F9TR74,6600.0,ab
F9HN75,F9TR75,6600.0,bc
F9HN76,F9TR76,6600.0,ab
F9HN77,F9TR77,6600.0,bc
F9HN78,F9TR78,6600.0,bc
F9HN79,F9TR79,6600.0,ca
F9HN8,F9TR8,6600.0,ab
F9HN80,F9TR80,6600.0,bc
F9HN81,F9TR81,6600.0,ca
F9HN83,F9TR83,6600.0,ca
F9HN84,F9TR84,6600.0,ca
F9HN88,F9TR88,6600.0,ca
F9HN89,F9TR89,6600.0,ab
F9HN9,F9TR9,6600.0,ca
F9HN90,F9TR90,6600.0,bc
F9HN93,F9TR93,6600.0,bc
F9HN94,F9TR94,6600.0,ab
F9HN96,F9TR96,6600.0,ca
F9HN98,F9TR98,6600.0,ca
F9HN99,F9TR99,6600.0,ca
