Node name,Latitude,Longitude
F4HN59,35.66694,139.57953
F4HN58,35.66665,139.57949
F4HN51,35.66378,139.57922
F4HN50,35.66325,139.57904
F4HN53,35.66484,139.57934
F4HN52,35.66431,139.57928
F4HN55,35.66588,139.57942
F4HN54,35.66536,139.57939
F4HN57,35.66635,139.57944
F4HN56,35.66603,139.57950
F1HN152,35.63314,139.59715
F18HN158,35.64406,139.59777
F1HN153,35.63289,139.59755
F8HN122,35.63284,139.59083
F8HN123,35.63265,139.59117
F8HN124,35.63528,139.59100
F8HN125,35.63501,139.59135
F1HN154,35.63266,139.59797
F1HN155,35.63245,139.59840
F4HN5,35.64605,139.58234
F4HN4,35.64531,139.58256
F4HN7,35.64737,139.58202
F4HN6,35.64673,139.58219
F4HN1,35.64432,139.58298
F4HN3,35.64494,139.58270
F4HN2,35.64476,139.58277
F4HN9,35.64845,139.58152
F4HN8,35.64796,139.58181
F1HN159,35.63177,139.60015
F7HN138,35.64625,139.57331
F7HN139,35.64637,139.57299
F7HN136,35.64601,139.57401
F7HN137,35.64619,139.57346
F7HN134,35.63555,139.57917
F7HN135,35.63556,139.57917
F7HN132,35.63571,139.57967
F7HN133,35.64584,139.57458
F7HN130,35.63583,139.57964
F7HN131,35.63583,139.57964
F14HN79,35.65074,139.59452
F14HN78,35.65069,139.59449
F14HN75,35.65053,139.59439
F14HN74,35.65048,139.59436
F14HN77,35.65063,139.59446
F14HN76,35.65058,139.59442
F14HN71,35.65031,139.59428
F14HN70,35.65025,139.59425
F14HN73,35.65042,139.59433
F14HN72,35.65037,139.59430
F16HN53,35.64899,139.58445
F18HN104,35.63902,139.59571
F5HN89,35.63452,139.57394
F5HN88,35.63413,139.57406
F5HN87,35.63542,139.57271
F5HN86,35.63834,139.57363
F18HN164,35.64195,139.59870
F5HN84,35.63564,139.57307
F5HN83,35.62959,139.57059
F18HN163,35.64193,139.59866
F5HN81,35.64395,139.58032
F5HN80,35.64140,139.57848
F18HN107,35.63948,139.58639
F18HN100,35.63622,139.60077
F18HN101,35.63915,139.60273
F8HN46,35.62986,139.58983
F8HN47,35.62960,139.59016
F8HN44,35.63014,139.58930
F8HN45,35.63003,139.58962
F8HN42,35.63073,139.58910
F8HN43,35.63055,139.58917
F8HN40,35.63167,139.58875
F7HN99,35.63682,139.56887
F7HN96,35.63825,139.57765
F7HN97,35.64437,139.57831
F7HN94,35.63812,139.57792
F18HN103,35.63877,139.59525
F7HN92,35.63706,139.56936
F7HN93,35.63674,139.57962
F7HN90,35.63805,139.57792
F8HN49,35.63286,139.58853
F14HN162,35.64975,139.59492
F14HN96,35.65107,139.59507
F14HN160,35.64714,139.59093
F14HN94,35.65101,139.59498
F14HN93,35.65101,139.59497
F14HN167,35.64971,139.59508
F14HN91,35.64745,139.58897
F14HN165,35.64973,139.59507
F14HN169,35.64970,139.59512
F14HN99,35.65117,139.59522
F14HN98,35.65114,139.59517
F17HN145,35.64333,139.59641
F17HN144,35.64273,139.59656
F5HN118,35.64093,139.57816
F5HN119,35.64594,139.57998
F17HN141,35.64077,139.59748
F17HN140,35.64299,139.59564
F17HN143,35.64267,139.59636
F17HN142,35.64302,139.59572
F5HN112,35.64111,139.57837
F2HN39,35.64002,139.57193
F5HN110,35.64519,139.58011
F5HN111,35.64120,139.57840
F5HN116,35.64569,139.58002
F5HN117,35.63799,139.57288
F5HN114,35.62961,139.56856
F5HN115,35.64544,139.58006
F17HN98,35.63365,139.59981
F3HN73,35.64602,139.58004
F9HN34,35.63326,139.58337
F3HN42,35.65381,139.57626
F5HN72,35.64325,139.58036
F5HN73,35.64150,139.57838
F5HN70,35.63584,139.57343
F5HN71,35.64115,139.57667
F5HN76,35.62990,139.57078
F17HN33,35.63979,139.59337
F16HN5,35.64504,139.58362
F16HN4,35.64549,139.58356
F11HN61,35.64329,139.57595
F16HN6,35.64566,139.58353
F11HN67,35.64348,139.57434
F11HN66,35.64348,139.57434
F16HN3,35.64561,139.58358
F16HN2,35.64518,139.58385
F11HN69,35.64290,139.57298
F11HN68,35.64293,139.57308
F16HN9,35.64511,139.58432
F16HN8,35.64785,139.58255
F16HN55,35.64831,139.58331
F11HN80,35.64622,139.57181
F11HN83,35.64739,139.57086
F16HN11,35.64582,139.58385
F16HN10,35.64566,139.58372
F16HN13,35.64510,139.58443
F16HN12,35.64601,139.58387
F16HN15,35.64597,139.58347
F16HN14,35.64581,139.58347
F16HN17,35.64604,139.58335
F16HN16,35.64601,139.58336
F18HN35,35.63979,139.59433
F18HN34,35.64001,139.59403
F18HN37,35.63959,139.59469
F18HN36,35.63959,139.59469
F18HN31,35.64032,139.59349
F18HN30,35.64042,139.59310
F18HN33,35.64022,139.59380
F18HN32,35.64026,139.59378
F14HN9,35.64838,139.59100
F14HN8,35.64834,139.59110
F14HN7,35.64827,139.59121
F14HN6,35.64820,139.59132
F16HN59,35.64925,139.58324
F14HN2,35.64313,139.58360
F9HN65,35.63592,139.58006
F6HN101,35.63996,139.56256
F6HN102,35.64026,139.56200
F6HN103,35.64353,139.56916
F3HN75,35.64707,139.57875
F6HN104,35.64385,139.56914
F6HN105,35.64054,139.57908
F9HN63,35.63511,139.57961
F9HN62,35.63472,139.57939
F7HN149,35.64896,139.56793
F7HN148,35.64867,139.56836
F7HN143,35.64733,139.57078
F7HN142,35.64709,139.57133
F7HN141,35.64683,139.57188
F7HN140,35.64658,139.57243
F7HN147,35.64838,139.56880
F7HN146,35.64810,139.56926
F7HN145,35.64784,139.56975
F7HN144,35.64758,139.57025
F4HN64,35.66844,139.57972
F4HN65,35.66873,139.57976
F4HN66,35.66903,139.57979
F4HN67,35.66934,139.57982
F4HN60,35.66724,139.57958
F4HN61,35.66754,139.57961
F4HN62,35.66784,139.57965
F4HN63,35.66814,139.57969
F4HN68,35.66965,139.57979
F4HN69,35.66969,139.57978
F14HN68,35.65019,139.59423
F14HN69,35.65025,139.59425
F14HN62,35.65002,139.59414
F14HN63,35.65004,139.59420
F14HN60,35.64997,139.59402
F14HN61,35.65000,139.59408
F14HN66,35.65014,139.59422
F14HN67,35.65019,139.59423
F14HN64,35.65004,139.59420
F14HN65,35.65009,139.59421
F10HN93,35.63836,139.58231
F10HN92,35.63844,139.58226
F10HN91,35.63199,139.57869
F10HN90,35.64117,139.57097
F10HN97,35.63909,139.58173
F10HN96,35.63938,139.58196
F10HN95,35.64007,139.58214
F10HN99,35.63604,139.58120
F10HN98,35.63904,139.58163
F2HN99,35.63934,139.57437
F1HN68,35.63598,139.58605
F11HN14,35.64192,139.58141
F7HN60,35.63757,139.57824
F2HN26,35.63776,139.57613
F2HN27,35.63788,139.57608
F15HN18,35.64855,139.58530
F2HN25,35.63714,139.57647
F2HN22,35.63552,139.57776
F2HN23,35.63554,139.57778
F2HN20,35.63465,139.57967
F2HN21,35.63510,139.57853
F15HN12,35.64686,139.58504
F15HN13,35.64719,139.58506
F15HN10,35.64656,139.58504
F15HN11,35.64663,139.58506
F15HN16,35.64786,139.58512
F15HN17,35.64821,139.58521
F15HN14,35.64723,139.58507
F15HN15,35.64751,139.58505
F3HN70,35.65112,139.57680
F3HN71,35.64697,139.57898
F3HN72,35.64422,139.58039
F8HN55,35.63866,139.58629
F8HN54,35.63413,139.58892
F8HN57,35.63657,139.58882
F8HN56,35.63665,139.58844
F7HN89,35.63712,139.57806
F7HN88,35.63692,139.57820
F8HN53,35.62854,139.59016
F8HN52,35.62919,139.58957
F7HN85,35.63687,139.57963
F7HN84,35.63778,139.57773
F7HN87,35.63734,139.57831
F7HN86,35.63723,139.57844
F8HN59,35.63869,139.58662
F8HN58,35.63258,139.58819
F7HN83,35.64409,139.57885
F7HN82,35.64376,139.57927
F14HN175,35.64965,139.59525
F14HN174,35.64967,139.59521
F14HN86,35.65093,139.59487
F14HN87,35.64779,139.58945
F14HN80,35.65077,139.59454
F14HN81,35.65077,139.59457
F14HN173,35.64967,139.59521
F14HN172,35.64968,139.59517
F11HN33,35.64088,139.58207
F14HN88,35.64770,139.58933
F14HN89,35.64762,139.58921
F15HN131,35.65268,139.58765
F15HN31,35.65138,139.58525
F15HN137,35.65329,139.58786
F3HN161,35.65290,139.57405
F12HN118,35.64616,139.57903
F4HN87,35.66996,139.58011
F12HN110,35.64316,139.58051
F11HN70,35.64224,139.57197
F11HN71,35.64210,139.57175
F11HN72,35.64062,139.58280
F11HN73,35.64054,139.58287
F3HN38,35.65169,139.57772
F3HN39,35.65255,139.57710
F11HN76,35.64036,139.58299
F11HN77,35.64376,139.57402
F11HN78,35.64472,139.57307
F11HN79,35.64578,139.57216
F3HN36,35.65165,139.57781
F3HN37,35.65165,139.57781
F3HN30,35.65016,139.57803
F3HN31,35.65046,139.57791
F3HN32,35.65068,139.57781
F3HN33,35.65072,139.57783
F18HN28,35.64051,139.59276
F18HN29,35.64046,139.59292
F18HN22,35.64122,139.59123
F18HN23,35.64115,139.59132
F18HN20,35.64126,139.59055
F18HN21,35.64123,139.59098
F18HN26,35.64077,139.59202
F18HN27,35.64063,139.59239
F18HN24,35.64094,139.59165
F18HN25,35.64077,139.59202
F5HN149,35.63487,139.57082
F5HN148,35.63588,139.57097
F1HN113,35.63639,139.58755
F12HN120,35.64233,139.58019
F12HN121,35.64893,139.57438
F12HN122,35.64887,139.57122
F12HN123,35.64916,139.57099
F12HN124,35.64911,139.57418
F12HN125,35.64940,139.57388
F12HN126,35.64891,139.56192
F12HN127,35.64213,139.58023
F12HN128,35.64946,139.57388
F12HN129,35.64942,139.57358
F4HN37,35.65752,139.57863
F5HN147,35.63744,139.57014
F5HN146,35.64693,139.57980
F12HN52,35.64810,139.56679
F7HN158,35.65131,139.56430
F7HN159,35.65153,139.56392
F11HN30,35.64097,139.58206
F7HN150,35.64925,139.56752
F7HN151,35.64954,139.56711
F7HN152,35.64982,139.56671
F7HN153,35.65009,139.56631
F7HN154,35.65036,139.56590
F7HN155,35.65061,139.56550
F7HN156,35.65085,139.56510
F7HN157,35.65108,139.56470
F4HN73,35.66603,139.57952
F4HN72,35.65610,139.57971
F4HN71,35.66330,139.57850
F4HN70,35.66966,139.57957
F4HN77,35.64865,139.57950
F4HN76,35.66975,139.57992
F4HN75,35.66976,139.57971
F4HN74,35.64938,139.58049
F4HN79,35.65898,139.57860
F4HN78,35.65601,139.57929
F7HN4,35.64339,139.58189
F7HN5,35.64350,139.58130
F7HN6,35.64361,139.58054
F7HN7,35.64369,139.57975
F7HN1,35.64297,139.58292
F7HN2,35.64313,139.58268
F7HN3,35.64326,139.58235
F7HN8,35.64375,139.57928
F7HN9,35.64370,139.57920
F6HN157,35.63838,139.56879
F6HN156,35.63842,139.56885
F6HN155,35.63915,139.56899
F6HN154,35.64019,139.56859
F6HN153,35.63833,139.57801
F6HN152,35.64024,139.56823
F6HN151,35.64062,139.56746
F6HN150,35.64041,139.56793
F6HN159,35.63812,139.57792
F6HN158,35.63808,139.56821
F10HN80,35.63402,139.57525
F10HN81,35.63404,139.57456
F10HN82,35.63417,139.57346
F10HN83,35.63417,139.57346
F10HN84,35.63325,139.57267
F10HN85,35.63423,139.57334
F10HN86,35.63529,139.57172
F10HN87,35.63321,139.57267
F10HN88,35.63715,139.57054
F10HN89,35.63934,139.57037
F4HN35,35.65709,139.57874
F4HN34,35.65671,139.57890
F4HN33,35.65634,139.57913
F12HN10,35.64524,139.57906
F4HN31,35.65594,139.57944
F12HN12,35.64537,139.57870
F10HN104,35.63381,139.57522
F10HN105,35.63391,139.57933
F9HN18,35.63706,139.58189
F1HN45,35.63270,139.58623
F9HN19,35.63640,139.58203
F2HN35,35.64006,139.57357
F18HN105,35.63995,139.58625
F18HN106,35.63972,139.58633
F2HN36,35.64005,139.57299
F2HN31,35.63978,139.57542
F2HN30,35.63942,139.57556
F2HN33,35.63996,139.57479
F2HN32,35.63980,139.57533
F1HN43,35.63221,139.58636
F18HN108,35.63622,139.60077
F2HN38,35.64004,139.57249
F10HN101,35.63782,139.58255
F1HN41,35.63133,139.58660
F10HN103,35.63258,139.57206
F8HN60,35.63869,139.58696
F8HN61,35.64025,139.58406
F8HN62,35.63644,139.58918
F8HN63,35.63399,139.58927
F8HN64,35.63919,139.58576
F8HN65,35.63253,139.58817
F8HN66,35.62852,139.59017
F8HN67,35.63276,139.58871
F8HN68,35.62779,139.58995
F8HN69,35.63628,139.58952
F9HN11,35.63796,139.57946
F5HN85,35.62958,139.57059
F18HN162,35.64188,139.59834
F5HN82,35.62991,139.57057
F18HN160,35.64181,139.59798
F18HN161,35.64186,139.59830
F3HN29,35.65002,139.57808
F3HN28,35.64990,139.57813
F11HN49,35.64281,139.57834
F11HN48,35.64314,139.57872
F11HN45,35.64070,139.58273
F3HN22,35.64853,139.57830
F11HN47,35.64282,139.57874
F3HN20,35.64806,139.57865
F11HN41,35.64086,139.58241
F11HN40,35.64086,139.58240
F11HN43,35.64083,139.58254
F3HN24,35.64895,139.57833
F3HN23,35.64863,139.57832
F11HN44,35.64077,139.58264
F3HN21,35.64836,139.57843
F11HN46,35.64278,139.57874
F6HN126,35.63942,139.56062
F3HN27,35.64959,139.57822
F3HN26,35.64928,139.57829
F16HN79,35.65339,139.58207
F16HN78,35.65231,139.58230
F11HN90,35.65191,139.56819
F3HN25,35.64928,139.57829
F16HN73,35.64563,139.58520
F16HN72,35.64557,139.58512
F16HN71,35.65296,139.58356
F11HN42,35.64072,139.58197
F16HN77,35.65132,139.58280
F16HN76,35.64574,139.58537
F16HN75,35.64568,139.58529
F16HN74,35.65365,139.58371
F6HN127,35.63897,139.57818
F2HN83,35.63496,139.57745
F11HN118,35.64072,139.58247
F3HN146,35.64195,139.57664
F3HN145,35.65108,139.57412
F3HN144,35.65042,139.57339
F3HN143,35.65035,139.57360
F3HN142,35.65077,139.57479
F3HN141,35.65251,139.57448
F3HN140,35.65071,139.57482
F11HN110,35.64212,139.58181
F11HN111,35.64228,139.58161
F11HN112,35.64169,139.58234
F11HN113,35.64168,139.58103
F11HN114,35.64180,139.58085
F11HN115,35.64090,139.58164
F3HN149,35.65249,139.57446
F3HN148,35.65154,139.57425
F12HN133,35.64953,139.57390
F12HN132,35.64891,139.56192
F12HN131,35.64953,139.57277
F12HN130,35.64943,139.57357
F12HN137,35.64982,139.57202
F12HN136,35.64986,139.57330
F12HN135,35.64948,139.57084
F12HN134,35.64970,139.57338
F12HN139,35.64895,139.56156
F12HN138,35.64197,139.58033
F4HN17,35.64940,139.57936
F3HN130,35.65023,139.57475
F6HN29,35.64256,139.57199
F7HN161,35.65194,139.56315
F7HN160,35.65174,139.56353
F7HN162,35.65214,139.56278
F11HN25,35.64256,139.57956
F7HN91,35.63724,139.56988
F14HN97,35.65110,139.59512
F5HN19,35.63970,139.57641
F14HN95,35.65103,139.59502
F15HN8,35.64588,139.58513
F15HN9,35.64622,139.58508
F14HN161,35.64976,139.59486
F4HN88,35.64796,139.57960
F4HN89,35.65605,139.57885
F4HN86,35.66988,139.57954
F2HN40,35.64002,139.57185
F4HN84,35.65920,139.57876
F4HN85,35.64986,139.58048
F4HN82,35.66603,139.57966
F15HN5,35.64541,139.58520
F15HN6,35.64562,139.58516
F4HN81,35.65638,139.58002
F9HN83,35.63402,139.58131
F6HN21,35.64214,139.57404
F14HN164,35.64973,139.59504
F9HN82,35.63238,139.57816
F14HN90,35.64753,139.58909
F15HN152,35.65370,139.58793
F17HN14,35.64232,139.58840
F15HN153,35.64730,139.58878
F17HN15,35.64220,139.58871
F9HN87,35.63707,139.58006
F17HN16,35.64209,139.58915
F9HN86,35.63700,139.58075
F6HN144,35.63929,139.56921
F6HN145,35.63882,139.56953
F6HN146,35.63855,139.57806
F5HN13,35.64106,139.57773
F6HN140,35.63933,139.57014
F6HN141,35.64070,139.56771
F6HN142,35.63928,139.57009
F6HN143,35.63940,139.56938
F17HN10,35.64252,139.58758
F15HN157,35.65310,139.58973
F6HN148,35.64019,139.56869
F6HN149,35.64067,139.56773
F17HN11,35.64252,139.58767
F17HN12,35.64243,139.58794
F17HN13,35.64234,139.58834
F6HN164,35.64030,139.56678
F17HN147,35.64335,139.59649
F10HN57,35.63728,139.58207
F10HN56,35.63764,139.58236
F10HN55,35.63787,139.58251
F10HN54,35.63902,139.58391
F10HN53,35.63864,139.58388
F10HN51,35.63831,139.58374
F10HN50,35.63813,139.58346
F10HN59,35.63691,139.58175
F10HN58,35.63728,139.58207
F16HN70,35.65276,139.58354
F12HN3,35.64447,139.58097
F8HN164,35.63186,139.59252
F7HN67,35.63719,139.57863
F5HN113,35.64103,139.57821
F18HN117,35.64247,139.59369
F18HN116,35.63874,139.58650
F18HN115,35.63899,139.58648
F18HN114,35.63750,139.60305
F18HN113,35.64095,139.58821
F18HN112,35.64104,139.58806
F18HN111,35.64110,139.58797
F18HN110,35.63923,139.58644
F1HN112,35.63644,139.58746
F18HN119,35.63850,139.58651
F17HN148,35.64160,139.59675
F8HN162,35.63208,139.59229
F1HN111,35.63649,139.58732
F8HN79,35.63974,139.58355
F8HN78,35.63272,139.58872
F8HN77,35.62845,139.59105
F8HN76,35.62748,139.59000
F8HN75,35.63868,139.58757
F8HN74,35.63993,139.58372
F8HN73,35.63926,139.58585
F8HN72,35.64011,139.58388
F8HN71,35.63869,139.58730
F8HN70,35.63379,139.58961
F16HN80,35.65383,139.58200
F3HN59,35.64674,139.57953
F8HN16,35.63813,139.58674
F3HN50,35.65439,139.57560
F3HN51,35.65067,139.57780
F15HN118,35.64689,139.58604
F11HN58,35.64302,139.57736
F11HN59,35.64313,139.57688
F11HN53,35.64418,139.57844
F11HN50,35.64349,139.57864
F11HN51,35.64384,139.57854
F11HN56,35.64291,139.57789
F11HN57,35.64302,139.57736
F11HN54,35.64451,139.57835
F11HN55,35.64283,139.57819
F8HN120,35.63791,139.58123
F16HN68,35.65189,139.58337
F16HN69,35.65197,139.58336
F16HN60,35.64961,139.58321
F16HN61,35.64990,139.58321
F16HN62,35.64993,139.58318
F16HN63,35.65030,139.58315
F16HN64,35.65066,139.58309
F16HN65,35.65101,139.58305
F16HN66,35.65104,139.58301
F16HN67,35.65104,139.58301
F3HN147,35.65114,139.57408
F1HN145,35.63528,139.59437
F17HN149,35.64080,139.59747
F3HN154,35.65162,139.57422
F3HN155,35.65051,139.57313
F11HN109,35.64185,139.58189
F11HN108,35.64159,139.58148
F3HN150,35.65223,139.57426
F3HN151,35.65268,139.57431
F3HN152,35.65193,139.57420
F3HN153,35.64172,139.57646
F11HN103,35.64920,139.56977
F11HN102,35.64215,139.57149
F11HN101,35.64289,139.57817
F11HN100,35.64304,139.57739
F11HN107,35.64318,139.57729
F11HN106,35.64259,139.57962
F11HN105,35.64291,139.57290
F11HN104,35.64621,139.57157
F12HN106,35.64348,139.58077
F12HN107,35.64333,139.58064
F12HN104,35.64649,139.57041
F12HN105,35.64362,139.58090
F12HN102,35.64850,139.56357
F12HN103,35.64687,139.57061
F12HN100,35.65113,139.56571
F12HN101,35.64917,139.56398
F12HN108,35.65113,139.56570
F12HN109,35.64879,139.56298
F11HN116,35.64072,139.58246
F11HN117,35.64089,139.58154
F4HN99,35.65671,139.58025
F4HN98,35.65667,139.58026
F4HN95,35.65644,139.57810
F4HN94,35.65622,139.57846
F4HN97,35.65395,139.57765
F4HN96,35.65369,139.57797
F4HN91,35.65668,139.58025
F4HN90,35.65981,139.57923
F4HN93,35.65333,139.57846
F4HN92,35.66045,139.57965
F1HN98,35.63460,139.58511
F1HN99,35.62960,139.58298
F1HN94,35.63488,139.58526
F1HN95,35.63488,139.58526
F1HN96,35.63464,139.58511
F1HN97,35.64053,139.58694
F1HN90,35.63490,139.58534
F1HN91,35.63045,139.58343
F1HN92,35.63003,139.58317
F1HN93,35.63663,139.58674
F12HN95,35.65036,139.56574
F12HN94,35.65037,139.56575
F12HN97,35.65112,139.56570
F12HN96,35.64841,139.57489
F12HN91,35.64376,139.58102
F12HN90,35.64958,139.56599
F12HN93,35.64891,139.56449
F12HN92,35.64566,139.57911
F12HN99,35.64860,139.57150
F12HN98,35.64850,139.56357
F9HN94,35.63158,139.58259
F9HN95,35.63121,139.58239
F9HN96,35.63290,139.58060
F9HN97,35.63251,139.58043
F9HN90,35.63737,139.58272
F9HN91,35.63134,139.58358
F9HN92,35.63828,139.58234
F9HN93,35.63348,139.58091
F9HN98,35.63134,139.58359
F9HN99,35.63133,139.58354
F10HN44,35.63894,139.58191
F10HN45,35.63886,139.58197
F10HN46,35.63829,139.58276
F10HN47,35.63826,139.58281
F10HN40,35.63909,139.58173
F10HN41,35.63908,139.58174
F10HN42,35.63932,139.58141
F10HN43,35.63901,139.58183
F10HN48,35.63815,139.58313
F10HN49,35.63798,139.58258
F6HN139,35.63934,139.56027
F5HN74,35.64348,139.58036
F6HN138,35.63876,139.57812
F4HN15,35.64877,139.57950
F2HN19,35.63445,139.58085
F4HN14,35.64914,139.57968
F2HN17,35.63445,139.58302
F2HN16,35.63464,139.58381
F2HN15,35.63465,139.58381
F2HN14,35.63481,139.58344
F2HN13,35.63519,139.58326
F2HN12,35.63539,139.58310
F2HN11,35.63562,139.58316
F2HN10,35.63621,139.58341
F4HN16,35.64876,139.57948
F4HN11,35.64918,139.58070
F4HN10,35.64887,139.58115
F1HN76,35.63681,139.58645
F1HN77,35.63684,139.58644
F1HN74,35.63668,139.58647
F1HN75,35.63671,139.58646
F1HN72,35.63649,139.58632
F12HN35,35.64687,139.57211
F1HN70,35.63624,139.58618
F1HN71,35.63636,139.58624
F2HN97,35.63331,139.57664
F12HN34,35.64690,139.57252
F1HN78,35.63697,139.58644
F1HN79,35.63699,139.58644
F8HN19,35.63752,139.58739
F17HN31,35.63997,139.59309
F8HN18,35.63752,139.58739
F5HN49,35.63473,139.57434
F5HN48,35.63134,139.57212
F17HN69,35.64206,139.59253
F17HN68,35.63510,139.59928
F2HN91,35.63932,139.57440
F5HN155,35.63676,139.57027
F13HN5,35.64491,139.59033
F17HN65,35.63832,139.59428
F18HN128,35.64277,139.59491
F18HN129,35.64288,139.59513
F5HN42,35.63247,139.57346
F18HN122,35.64120,139.59662
F18HN123,35.64136,139.59704
F18HN120,35.63826,139.58651
F18HN121,35.64260,139.59412
F18HN126,35.63760,139.60424
F17HN67,35.63874,139.59453
F18HN124,35.64268,139.59441
F18HN125,35.64282,139.59487
F1HN127,35.62746,139.58275
F1HN126,35.63634,139.58788
F1HN125,35.63880,139.58985
F17HN66,35.63589,139.59895
F1HN123,35.63639,139.58775
F1HN122,35.62781,139.58281
F1HN121,35.63901,139.58955
F1HN120,35.62792,139.58215
F1HN69,35.63611,139.58611
F9HN35,35.63371,139.58333
F1HN129,35.63627,139.58800
F1HN128,35.63873,139.58994
F5HN45,35.63179,139.57282
F17HN62,35.64195,139.59214
F9HN38,35.63455,139.58320
F15HN104,35.65359,139.58476
F1HN124,35.63629,139.58754
F2HN92,35.63887,139.56851
F17HN155,35.64280,139.59684
F11HN81,35.64671,139.57144
F16HN54,35.64928,139.58456
F16HN57,35.64888,139.58326
F11HN82,35.64739,139.57086
F11HN85,35.64749,139.57079
F11HN84,35.64840,139.57029
F11HN87,35.64844,139.57030
F11HN86,35.64840,139.56976
F11HN89,35.65090,139.56871
F11HN88,35.64975,139.56921
F14HN5,35.64814,139.59143
F14HN4,35.64807,139.59154
F14HN3,35.64800,139.59164
F16HN58,35.64888,139.58326
F14HN1,35.64306,139.58339
F15HN20,35.64890,139.58537
F15HN27,35.65047,139.58522
F15HN26,35.65016,139.58524
F15HN25,35.65016,139.58524
F15HN24,35.64983,139.58530
F15HN29,35.65092,139.58522
F11HN63,35.64336,139.57539
F15HN28,35.65079,139.58522
F11HN62,35.64329,139.57590
F16HN7,35.64552,139.58378
F12HN119,35.64256,139.58022
F3HN160,35.65271,139.57428
F3HN163,35.65310,139.57379
F3HN162,35.65292,139.57401
F3HN164,35.65312,139.57374
F15HN1,35.64390,139.58421
F12HN111,35.64581,139.57912
F16HN1,35.64495,139.58375
F12HN113,35.64606,139.57907
F12HN112,35.64591,139.57910
F12HN115,35.64298,139.58040
F12HN114,35.64879,139.56298
F12HN117,35.64867,139.57465
F12HN116,35.64278,139.58030
F15HN3,35.64502,139.58533
F11HN65,35.64346,139.57438
F15HN4,35.64520,139.58524
F11HN64,35.64341,139.57487
F4HN83,35.65303,139.57896
F4HN80,35.65282,139.57945
F15HN7,35.64583,139.58513
F18HN9,35.64155,139.58722
F18HN8,35.64155,139.58682
F18HN3,35.64136,139.58585
F18HN2,35.64136,139.58585
F18HN1,35.64216,139.58458
F18HN7,35.64155,139.58675
F18HN6,35.64154,139.58651
F18HN5,35.64152,139.58627
F18HN4,35.64147,139.58605
F11HN9,35.64116,139.58202
F11HN4,35.64168,139.58159
F11HN5,35.64166,139.58227
F11HN6,35.64178,139.58146
F11HN7,35.64181,139.58182
F11HN1,35.64161,139.58211
F11HN2,35.64150,139.58191
F11HN3,35.64172,139.58146
F1HN73,35.63660,139.58640
F18HN99,35.64106,139.59618
F18HN98,35.63818,139.60290
F5HN96,35.63817,139.57325
F18HN93,35.63895,139.60211
F18HN92,35.64121,139.58785
F18HN91,35.64018,139.58617
F18HN90,35.63763,139.60067
F18HN97,35.63622,139.60077
F18HN96,35.64234,139.59328
F18HN95,35.63695,139.60100
F18HN94,35.63695,139.60100
F1HN89,35.63538,139.58617
F1HN88,35.63552,139.58633
F1HN83,35.64075,139.58638
F1HN82,35.64085,139.58584
F1HN81,35.63711,139.58644
F1HN80,35.63709,139.58644
F1HN87,35.63556,139.58589
F1HN86,35.63569,139.58597
F1HN85,35.63666,139.58659
F1HN84,35.63473,139.58548
F12HN82,35.64882,139.56467
F12HN83,35.64842,139.56461
F12HN80,35.64556,139.57910
F12HN81,35.64389,139.58113
F12HN86,35.64814,139.57512
F12HN87,35.64834,139.57180
F12HN84,35.64809,139.57210
F12HN85,35.64842,139.56461
F12HN88,35.64650,139.57055
F12HN89,35.64677,139.57086
F15HN150,35.65398,139.58781
F15HN151,35.65439,139.58760
F9HN81,35.63171,139.58352
F9HN80,35.63443,139.58175
F15HN154,35.65340,139.58790
F15HN155,35.65298,139.58885
F15HN156,35.65306,139.58967
F9HN84,35.63631,139.58277
F15HN158,35.65357,139.59008
F9HN89,35.63193,139.58286
F9HN88,35.63894,139.58103
F6HN162,35.64045,139.56709
F6HN163,35.64033,139.56681
F6HN160,35.64060,139.56742
F6HN161,35.64048,139.56713
F4HN108,35.65760,139.58089
F4HN109,35.65789,139.58100
F4HN106,35.65745,139.58083
F4HN107,35.65718,139.58004
F4HN104,35.67027,139.58028
F4HN105,35.65730,139.58076
F4HN102,35.65695,139.58057
F4HN103,35.65699,139.58008
F4HN100,35.66998,139.58015
F4HN101,35.64739,139.57971
F10HN71,35.63287,139.57896
F10HN70,35.63308,139.57903
F10HN73,35.63870,139.58210
F10HN72,35.63878,139.58204
F10HN75,35.63862,139.58216
F10HN74,35.63213,139.57873
F10HN77,35.63496,139.57930
F10HN76,35.63854,139.58221
F10HN79,35.63412,139.57589
F10HN78,35.63447,139.57754
F2HN68,35.64282,139.55563
F2HN69,35.64286,139.55560
F13HN3,35.64528,139.58951
F2HN62,35.64215,139.55786
F2HN63,35.64225,139.55749
F2HN60,35.64194,139.55863
F2HN61,35.64204,139.55825
F2HN66,35.64257,139.55637
F2HN67,35.64268,139.55599
F2HN64,35.64236,139.55711
F2HN65,35.64247,139.55674
F18HN135,35.64156,139.59742
F6HN147,35.63877,139.56947
F18HN134,35.64320,139.59532
F18HN137,35.64240,139.59672
F1HN65,35.63575,139.58594
F1HN64,35.63572,139.58593
F1HN67,35.63586,139.58599
F1HN66,35.63578,139.58595
F1HN61,35.63542,139.58574
F1HN60,35.63537,139.58571
F1HN63,35.63559,139.58585
F1HN62,35.63543,139.58574
F8HN11,35.63918,139.58571
F8HN10,35.63922,139.58563
F8HN13,35.63869,139.58617
F8HN12,35.63897,139.58588
F8HN15,35.63842,139.58641
F8HN14,35.63866,139.58622
F8HN17,35.63783,139.58708
F18HN130,35.64288,139.59515
F5HN30,35.63677,139.57481
F18HN39,35.63921,139.59597
F5HN31,35.63641,139.57465
F18HN38,35.63952,139.59472
F5HN130,35.63719,139.57177
F13HN1,35.64285,139.58320
F13HN33,35.64598,139.58964
F5HN132,35.62843,139.56860
F16HN19,35.64634,139.58349
F5HN133,35.63748,139.57172
F16HN18,35.64596,139.58346
F8HN121,35.63544,139.59079
F3HN112,35.64612,139.57947
F5HN135,35.63484,139.57118
F13HN6,35.64488,139.59045
F12HN149,35.64976,139.57082
F13HN34,35.64607,139.58969
F5HN137,35.63591,139.57099
F18HN139,35.63760,139.60461
F18HN138,35.63778,139.58649
F5HN38,35.63498,139.57444
F5HN39,35.63381,139.57418
F5HN36,35.63505,139.57439
F5HN37,35.63505,139.57440
F5HN34,35.63581,139.57454
F5HN35,35.63544,139.57449
F5HN32,35.63617,139.57454
F5HN33,35.63612,139.57455
F18HN133,35.64274,139.59498
F18HN132,35.63760,139.60424
F1HN134,35.63620,139.58811
F1HN135,35.63620,139.58811
F1HN136,35.63803,139.59086
F1HN137,35.63767,139.59131
F1HN130,35.63617,139.58759
F1HN131,35.63617,139.58759
F1HN132,35.63606,139.58767
F1HN133,35.63839,139.59040
F1HN138,35.63758,139.59144
F1HN139,35.63738,139.59170
F5HN8,35.64216,139.57927
F5HN9,35.64188,139.57883
F5HN6,35.64237,139.57956
F5HN7,35.64220,139.57932
F5HN4,35.64272,139.58005
F5HN5,35.64254,139.57981
F5HN2,35.64290,139.58027
F5HN3,35.64290,139.58027
F5HN93,35.62983,139.57038
F5HN1,35.64291,139.58201
F13HN47,35.64439,139.59352
F13HN46,35.64481,139.59430
F13HN45,35.64475,139.59380
F13HN44,35.64588,139.58985
F13HN43,35.64639,139.59000
F13HN42,35.64475,139.59376
F13HN41,35.64622,139.58954
F13HN40,35.64470,139.59328
F13HN49,35.64652,139.59015
F13HN48,35.64581,139.59006
F9HN10,35.63834,139.57909
F16HN42,35.64493,139.58484
F16HN43,35.64537,139.58488
F16HN40,35.64526,139.58486
F16HN41,35.64527,139.58485
F16HN46,35.64796,139.58349
F14HN92,35.65097,139.59492
F11HN98,35.64078,139.58240
F16HN45,35.64551,139.58503
F3HN92,35.64603,139.57975
F11HN97,35.64086,139.58240
F3HN90,35.65571,139.57298
F3HN91,35.64385,139.57933
F3HN96,35.64932,139.57622
F3HN97,35.65617,139.57124
F3HN94,35.65599,139.57209
F3HN95,35.65599,139.57209
F6HN88,35.64379,139.56926
F6HN89,35.64350,139.56946
F6HN84,35.64186,139.56979
F6HN85,35.64066,139.56293
F6HN86,35.64099,139.57227
F6HN87,35.64172,139.56938
F6HN80,35.64206,139.57740
F6HN81,35.64092,139.57933
F6HN82,35.64041,139.56322
F6HN83,35.64066,139.56294
F9HN109,35.62996,139.58383
F9HN108,35.63028,139.58384
F9HN101,35.63928,139.58130
F9HN100,35.63705,139.58001
F9HN103,35.63102,139.58332
F9HN102,35.63101,139.58379
F9HN105,35.63061,139.58382
F9HN104,35.63679,139.57975
F9HN107,35.63082,139.58323
F9HN106,35.63044,139.58383
F6HN66,35.64142,139.56428
F6HN67,35.64341,139.56968
F6HN64,35.64228,139.57747
F6HN65,35.64307,139.56933
F6HN62,35.64141,139.57298
F6HN63,35.64218,139.57056
F6HN60,35.64279,139.57624
F6HN61,35.64169,139.57961
F6HN68,35.64080,139.56358
F6HN69,35.64120,139.57264
F12HN164,35.65032,139.57001
F12HN160,35.64991,139.57054
F12HN161,35.65008,139.57030
F12HN162,35.65012,139.57027
F12HN163,35.65028,139.57003
F18HN102,35.63818,139.60290
F18HN88,35.63902,139.59557
F18HN89,35.63898,139.59511
F18HN80,35.64129,139.58778
F18HN81,35.64040,139.58609
F18HN82,35.63886,139.60193
F18HN83,35.63842,139.60203
F18HN84,35.64085,139.59528
F18HN85,35.63842,139.60202
F18HN86,35.64220,139.59288
F18HN87,35.64095,139.59573
F12HN79,35.64403,139.58123
F12HN78,35.64671,139.57106
F12HN77,35.64957,139.56600
F12HN76,35.64870,139.56483
F12HN75,35.64659,139.57798
F12HN74,35.64418,139.58128
F12HN73,35.64542,139.57905
F12HN72,35.64433,139.58124
F12HN71,35.64638,139.57803
F12HN70,35.64782,139.57239
F15HN143,35.65267,139.58852
F15HN142,35.65209,139.58866
F15HN141,35.65420,139.58750
F15HN140,35.65205,139.58859
F15HN147,35.65257,139.58926
F15HN146,35.64714,139.58859
F9HN78,35.63224,139.58316
F15HN144,35.65280,139.58867
F9HN76,35.63717,139.58035
F9HN77,35.63835,139.58115
F6HN111,35.64190,139.57718
F6HN110,35.63997,139.57869
F6HN117,35.64058,139.57154
F9HN73,35.63241,139.57831
F9HN70,35.63735,139.58055
F6HN114,35.63958,139.56168
F9HN21,35.63501,139.58184
F9HN20,35.63571,139.58197
F10HN68,35.63406,139.57936
F10HN69,35.63397,139.57934
F10HN66,35.63512,139.57978
F10HN67,35.63512,139.57978
F10HN64,35.63547,139.58023
F10HN65,35.63515,139.57982
F10HN62,35.63620,139.58105
F10HN63,35.63584,139.58066
F10HN60,35.63652,139.58138
F10HN61,35.63623,139.58109
F2HN79,35.64000,139.57071
F2HN78,35.63992,139.57550
F2HN71,35.64033,139.56392
F2HN70,35.64271,139.55548
F2HN73,35.64153,139.56020
F2HN72,35.63965,139.57515
F2HN75,35.64293,139.55567
F2HN74,35.63533,139.58303
F2HN77,35.63465,139.58396
F2HN76,35.64291,139.55547
F8HN24,35.63616,139.58812
F8HN25,35.63577,139.58818
F8HN26,35.63577,139.58818
F8HN27,35.63541,139.58825
F8HN20,35.63719,139.58768
F8HN21,35.63685,139.58794
F8HN22,35.63666,139.58807
F8HN23,35.63655,139.58807
F8HN28,35.63506,139.58833
F8HN29,35.63493,139.58836
F1HN50,35.63411,139.58586
F1HN51,35.63424,139.58582
F1HN52,35.63430,139.58580
F1HN53,35.63450,139.58573
F1HN54,35.63471,139.58565
F1HN55,35.63475,139.58562
F1HN56,35.63480,139.58558
F1HN57,35.63492,139.58548
F1HN58,35.63506,139.58555
F1HN59,35.63518,139.58561
F18HN109,35.63750,139.60306
F18HN118,35.64090,139.58832
F5HN29,35.63693,139.57488
F5HN28,35.63707,139.57494
F5HN25,35.63783,139.57527
F5HN24,35.63824,139.57543
F5HN27,35.63744,139.57511
F5HN26,35.63783,139.57526
F5HN21,35.63896,139.57575
F5HN20,35.63932,139.57607
F5HN23,35.63865,139.57557
F5HN22,35.63876,139.57559
F1HN101,35.64027,139.58750
F1HN100,35.63660,139.58689
F1HN103,35.62918,139.58284
F1HN102,35.63657,139.58704
F1HN105,35.63418,139.58508
F1HN104,35.63418,139.58508
F1HN107,35.63653,139.58718
F1HN106,35.63997,139.58804
F1HN109,35.63967,139.58856
F1HN108,35.62876,139.58273
F15HN85,35.65823,139.58848
F15HN84,35.65258,139.58618
F15HN87,35.65291,139.58632
F15HN86,35.65045,139.58676
F15HN81,35.64532,139.58639
F15HN80,35.64665,139.58541
F15HN83,35.65823,139.58848
F15HN82,35.65789,139.58874
F1HN147,35.63461,139.59517
F15HN89,35.65317,139.58476
F15HN88,35.65349,139.58482
F7HN16,35.64173,139.57469
F7HN17,35.64131,139.57413
F7HN14,35.64254,139.57585
F7HN15,35.64214,139.57525
F7HN12,35.64318,139.57720
F7HN13,35.64289,139.57651
F7HN10,35.64355,139.57861
F7HN11,35.64339,139.57792
F7HN18,35.64088,139.57359
F7HN19,35.64041,139.57307
F5HN61,35.64302,139.58032
F5HN60,35.64111,139.57700
F5HN63,35.63600,139.57381
F13HN54,35.64706,139.59085
F17HN40,35.63795,139.59550
F13HN50,35.64481,139.59431
F13HN51,35.64659,139.59024
F13HN52,35.64580,139.59004
F13HN53,35.64680,139.59051
F5HN65,35.63435,139.57462
F5HN64,35.64156,139.57830
F12HN59,35.64587,139.57817
F5HN67,35.63462,139.57418
F6HN134,35.63983,139.56992
F5HN66,35.63031,139.57204
F7HN44,35.63624,139.57584
F3HN89,35.65223,139.57826
F3HN88,35.65257,139.57809
F3HN81,35.64395,139.57960
F3HN80,35.64601,139.57986
F3HN83,35.65691,139.57380
F3HN82,35.65659,139.57362
F3HN85,35.65691,139.57379
F3HN84,35.65137,139.57650
F3HN87,35.65163,139.57620
F3HN86,35.64912,139.57655
F15HN161,35.65465,139.58778
F3HN99,35.65188,139.57589
F12HN50,35.64763,139.56777
F12HN53,35.64879,139.56609
F16HN47,35.64799,139.58353
F6HN99,35.64156,139.56898
F6HN98,35.64026,139.56200
F16HN44,35.64545,139.58495
F6HN93,35.64027,139.56307
F6HN92,35.64199,139.57733
F6HN91,35.64073,139.57921
F11HN99,35.64349,139.57586
F6HN97,35.64289,139.56291
F6HN96,35.64078,139.57191
F6HN95,35.64250,139.56354
F15HN164,35.65493,139.58799
F11HN96,35.64091,139.58175
F3HN93,35.65671,139.57345
F16HN48,35.64816,139.58387
F6HN75,35.64310,139.57580
F6HN74,35.64131,139.57953
F6HN77,35.64200,139.56411
F11HN95,35.64193,139.58147
F6HN71,35.64297,139.57600
F6HN70,35.64201,139.57019
F6HN73,35.64219,139.57746
F6HN72,35.64150,139.57960
F11HN92,35.64026,139.58304
F6HN79,35.64111,139.57944
F6HN78,35.64344,139.56965
F11HN93,35.64016,139.58307
F2HN7,35.63851,139.58468
F2HN6,35.63939,139.58492
F2HN5,35.64031,139.58500
F3HN108,35.65618,139.57124
F2HN3,35.64145,139.58472
F2HN2,35.64162,139.58464
F2HN1,35.64200,139.58440
F2HN0,35.64273,139.58302
F3HN103,35.65243,139.57840
F3HN102,35.65744,139.57297
F3HN101,35.65728,139.57345
F3HN100,35.65618,139.57124
F3HN107,35.64349,139.57850
F3HN106,35.64362,139.57877
F3HN105,35.64374,139.57905
F3HN104,35.65269,139.57812
F10HN3,35.64013,139.58188
F10HN2,35.63995,139.58157
F10HN1,35.64016,139.58147
F10HN7,35.64006,139.58144
F10HN6,35.64009,139.58195
F10HN5,35.64002,139.58120
F10HN4,35.64010,139.58173
F10HN9,35.63961,139.58156
F2HN85,35.63477,139.58273
F3HN64,35.64605,139.58015
F12HN68,35.64867,139.56520
F12HN69,35.64786,139.57533
F12HN64,35.64533,139.57899
F12HN65,35.64722,139.57104
F12HN66,35.64876,139.56609
F12HN67,35.64673,139.57111
F12HN60,35.64612,139.57809
F12HN61,35.64443,139.58109
F12HN62,35.64757,139.57551
F12HN63,35.64755,139.57264
F6HN108,35.64288,139.56291
F6HN109,35.63957,139.56168
F9HN69,35.63716,139.58050
F9HN68,35.63713,139.58048
F6HN100,35.64288,139.56291
F9HN64,35.63552,139.57984
F9HN67,35.63672,139.58044
F9HN66,35.63632,139.58026
F9HN61,35.63432,139.57917
F9HN60,35.63394,139.57897
F6HN106,35.64035,139.57895
F6HN107,35.64016,139.57882
F5HN90,35.62968,139.57236
F10HN19,35.63973,139.58259
F10HN18,35.63997,139.58227
F10HN13,35.63952,139.58157
F10HN12,35.64064,139.58190
F10HN11,35.64046,139.58178
F10HN10,35.64027,139.58187
F10HN17,35.63987,139.58234
F10HN16,35.63990,139.58235
F10HN15,35.63996,139.58226
F10HN14,35.64003,139.58211
F5HN92,35.64131,139.57850
F8HN33,35.63415,139.58856
F8HN32,35.63420,139.58858
F8HN31,35.63444,139.58850
F8HN30,35.63477,139.58841
F8HN37,35.63317,139.58854
F8HN36,35.63317,139.58854
F8HN35,35.63353,139.58851
F8HN34,35.63387,139.58851
F8HN39,35.63204,139.58863
F8HN38,35.63311,139.58849
F10HN108,35.64017,139.58161
F10HN109,35.64005,139.58136
F1HN49,35.63392,139.58591
F1HN48,35.63346,139.58603
F1HN47,35.63302,139.58615
F1HN46,35.63297,139.58615
F10HN106,35.63900,139.58304
F1HN44,35.63264,139.58624
F10HN100,35.63725,139.58208
F1HN42,35.63177,139.58648
F10HN102,35.63268,139.57889
F1HN40,35.63090,139.58669
F2HN44,35.64029,139.56820
F2HN45,35.64036,139.56697
F2HN46,35.64040,139.56637
F2HN47,35.64048,139.56555
F17HN18,35.64182,139.59002
F17HN19,35.64182,139.59002
F2HN42,35.64000,139.57071
F2HN43,35.64021,139.56946
F5HN10,35.64165,139.57839
F5HN11,35.64161,139.57831
F5HN12,35.64139,139.57806
F17HN17,35.64196,139.58960
F5HN14,35.64102,139.57769
F5HN15,35.64074,139.57747
F5HN16,35.64040,139.57712
F5HN17,35.64005,139.57676
F1HN118,35.62821,139.58271
F1HN119,35.63633,139.58754
F1HN116,35.62832,139.58262
F1HN117,35.62811,139.58230
F1HN114,35.63935,139.58906
F1HN115,35.63640,139.58759
F8HN160,35.63231,139.59207
F8HN161,35.63211,139.59226
F1HN110,35.62836,139.58264
F8HN163,35.63189,139.59250
F15HN92,35.64666,139.58552
F15HN93,35.65798,139.58892
F15HN90,35.65702,139.58943
F15HN91,35.64545,139.58659
F15HN96,35.65072,139.58698
F15HN97,35.65745,139.59117
F15HN94,35.65738,139.59026
F15HN95,35.65738,139.59026
F15HN98,35.65880,139.58919
F15HN99,35.65324,139.58648
F16HN37,35.64490,139.58456
F16HN36,35.64498,139.58460
F5HN98,35.62918,139.56970
F18HN11,35.64156,139.58771
F16HN34,35.64514,139.58472
F16HN33,35.64505,139.58466
F16HN32,35.64500,139.58475
F5HN156,35.63720,139.56948
F16HN31,35.64505,139.58466
F17HN8,35.64266,139.58677
F17HN108,35.63556,139.60073
F5HN99,35.63521,139.57235
F16HN30,35.64508,139.58455
F17HN130,35.64230,139.59530
F17HN131,35.64190,139.59595
F17HN132,35.63252,139.60060
F17HN133,35.64256,139.59511
F17HN134,35.64241,139.59567
F17HN135,35.64060,139.59719
F17HN136,35.64249,139.59587
F17HN137,35.64162,139.59671
F17HN138,35.64481,139.58564
F17HN139,35.63239,139.60097
F5HN164,35.63423,139.57011
F5HN163,35.63425,139.57014
F5HN162,35.63444,139.57037
F5HN161,35.63446,139.57040
F5HN160,35.63465,139.57063
F18HN18,35.64128,139.59010
F8HN1,35.64168,139.58378
F8HN3,35.64031,139.58418
F8HN2,35.64031,139.58418
F8HN5,35.64012,139.58463
F8HN4,35.64024,139.58442
F8HN7,35.63983,139.58501
F8HN6,35.63998,139.58483
F8HN9,35.63951,139.58536
F8HN8,35.63979,139.58506
F17HN1,35.64282,139.58437
F5HN158,35.63687,139.56884
F17HN106,35.64380,139.58606
F6HN40,35.64281,139.56832
F6HN41,35.64278,139.56782
F6HN42,35.64267,139.56709
F6HN43,35.64263,139.56687
F6HN44,35.64253,139.56635
F6HN45,35.64235,139.56612
F6HN46,35.64231,139.56583
F6HN47,35.64217,139.56544
F6HN48,35.64213,139.56533
F6HN49,35.64325,139.56978
F3HN118,35.64626,139.57920
F12HN143,35.65023,139.57308
F12HN140,35.65009,139.57391
F12HN141,35.64976,139.57078
F12HN146,35.64184,139.58047
F12HN147,35.65078,139.57356
F12HN144,35.65038,139.57297
F12HN145,35.65073,139.57360
F3HN110,35.64334,139.57824
F3HN111,35.64608,139.57958
F12HN148,35.64984,139.57199
F3HN113,35.64620,139.57931
F3HN114,35.65771,139.57208
F3HN115,35.64318,139.57798
F3HN116,35.64300,139.57773
F3HN117,35.64952,139.57591
F5HN107,35.64494,139.58015
F2HN108,35.63873,139.57326
F2HN109,35.63858,139.57290
F2HN104,35.64324,139.55485
F2HN105,35.63888,139.57362
F2HN106,35.63880,139.57343
F2HN107,35.63942,139.57375
F2HN100,35.64307,139.55515
F2HN102,35.63906,139.57406
F2HN103,35.63943,139.57399
F6HN135,35.64093,139.56791
F12HN58,35.64720,139.57110
F6HN137,35.64018,139.56872
F6HN136,35.63971,139.56977
F6HN131,35.64023,139.56949
F6HN130,35.64006,139.57021
F6HN133,35.63987,139.57050
F6HN132,35.63942,139.56062
F12HN51,35.64698,139.57292
F15HN160,35.65442,139.58763
F15HN163,35.65490,139.58797
F15HN162,35.65468,139.58781
F12HN55,35.64561,139.57823
F12HN54,35.64725,139.57282
F12HN57,35.64728,139.57564
F12HN56,35.64697,139.57573
F9HN58,35.63316,139.57861
F9HN59,35.63354,139.57878
F1HN144,35.63562,139.59394
F9HN50,35.63094,139.57970
F9HN51,35.63053,139.57918
F9HN52,35.63048,139.57853
F9HN53,35.63101,139.57821
F9HN54,35.63162,139.57818
F9HN55,35.63225,139.57834
F9HN56,35.63242,139.57831
F9HN57,35.63279,139.57845
F8HN130,35.63478,139.59139
F1HN141,35.63666,139.59261
F1HN140,35.63702,139.59215
F8HN135,35.63254,139.59155
F1HN142,35.63631,139.59306
F10HN118,35.63899,139.58153
F1HN32,35.62917,139.58517
F15HN34,35.65190,139.58514
F1HN33,35.62903,139.58555
F14HN15,35.64875,139.59130
F10HN114,35.64047,139.58128
F1HN36,35.62927,139.58669
F1HN37,35.62966,139.58679
F15HN35,35.65222,139.58509
F1HN34,35.62898,139.58596
F14HN10,35.64839,139.59088
F1HN38,35.63006,139.58681
F1HN39,35.63048,139.58677
F14HN19,35.64908,139.59203
F14HN18,35.64897,139.59178
F10HN117,35.63934,139.58217
F14HN16,35.64882,139.59146
F1HN30,35.62966,139.58456
F1HN31,35.62939,139.58485
F10HN113,35.64030,139.58228
F10HN112,35.64004,139.58112
F14HN11,35.64839,139.59081
F1HN35,35.62904,139.58637
F14HN100,35.65120,139.59528
F14HN101,35.65123,139.59533
F14HN102,35.65125,139.59539
F14HN103,35.65126,139.59543
F14HN104,35.64832,139.59083
F14HN105,35.64956,139.59273
F14HN106,35.65001,139.59425
F14HN107,35.64925,139.59254
F14HN108,35.65078,139.59453
F14HN109,35.64961,139.59268
F9HN44,35.63428,139.58127
F17HN29,35.64025,139.59258
F17HN28,35.64034,139.59244
F2HN51,35.64090,139.56330
F2HN50,35.64074,139.56407
F2HN57,35.64167,139.55980
F2HN56,35.64152,139.56020
F2HN55,35.64148,139.56039
F2HN54,35.64133,139.56107
F17HN21,35.64153,139.59088
F17HN20,35.64167,139.59045
F17HN23,35.64135,139.59118
F17HN22,35.64144,139.59111
F17HN25,35.64079,139.59178
F17HN24,35.64106,139.59146
F17HN27,35.64056,139.59211
F17HN26,35.64079,139.59179
F8HN158,35.63404,139.59405
F8HN151,35.63234,139.59203
F1HN162,35.63137,139.60145
F1HN161,35.63149,139.60102
F1HN160,35.63162,139.60059
F8HN155,35.63420,139.59278
F2HN24,35.63627,139.57711
F8HN157,35.63442,139.59360
F8HN156,35.63445,139.59353
F15HN19,35.64855,139.58530
F15HN69,35.65018,139.58653
F15HN68,35.65755,139.58844
F15HN67,35.65299,139.58489
F15HN66,35.65681,139.58851
F15HN65,35.65300,139.58438
F15HN64,35.64664,139.58512
F15HN63,35.65198,139.58582
F15HN62,35.64994,139.58630
F15HN61,35.64500,139.58548
F15HN60,35.64754,139.58554
F8HN41,35.63129,139.58889
F9HN42,35.63595,139.58278
F7HN30,35.63564,139.57017
F7HN31,35.63515,139.57025
F7HN32,35.63469,139.57041
F7HN33,35.63428,139.57071
F7HN34,35.63406,139.57122
F7HN35,35.63399,139.57178
F7HN36,35.63401,139.57235
F7HN37,35.63412,139.57289
F7HN38,35.63430,139.57340
F7HN39,35.63454,139.57388
F17HN123,35.64045,139.59680
F17HN122,35.64035,139.59637
F17HN121,35.64235,139.59425
F17HN120,35.64476,139.58608
F17HN127,35.64481,139.58587
F2HN28,35.63821,139.57595
F17HN125,35.64243,139.59506
F17HN124,35.64238,139.59455
F17HN129,35.64230,139.59528
F2HN29,35.63883,139.57574
F16HN99,35.64998,139.58296
F16HN98,35.64523,139.58496
F9HN8,35.63967,139.57943
F9HN9,35.63897,139.57910
F16HN91,35.65380,139.58370
F16HN90,35.65841,139.57814
F16HN93,35.64587,139.58553
F16HN92,35.64581,139.58546
F16HN95,35.64579,139.58342
F16HN94,35.64594,139.58558
F16HN97,35.64526,139.58486
F16HN96,35.64482,139.58453
F11HN11,35.64163,139.58107
F16HN49,35.64821,139.58336
F3HN125,35.65015,139.57501
F3HN124,35.64989,139.57538
F3HN127,35.64241,139.57704
F3HN126,35.65841,139.57180
F3HN121,35.64974,139.57559
F3HN120,35.64262,139.57726
F6HN59,35.64261,139.57645
F6HN58,35.64306,139.56939
F6HN57,35.64163,139.57329
F6HN56,35.64186,139.57358
F6HN55,35.64239,139.57662
F6HN54,35.64238,139.57089
F6HN53,35.64141,139.56432
F3HN128,35.65020,139.57506
F6HN51,35.64259,139.57111
F6HN50,35.64258,139.56619
F12HN155,35.65057,139.57282
F12HN154,35.64986,139.57190
F12HN157,35.65131,139.57308
F12HN156,35.65126,139.57313
F12HN151,35.64988,139.57058
F18HN136,35.64334,139.59546
F12HN153,35.64173,139.58063
F12HN152,35.64994,139.57152
F8HN51,35.63420,139.58858
F12HN158,35.65172,139.57264
F8HN50,35.62999,139.58925
F18HN131,35.64255,139.59590
F7HN81,35.63722,139.58006
F7HN80,35.63721,139.58004
F18HN148,35.64242,139.59675
F2HN53,35.64119,139.56179
F18HN59,35.64172,139.58868
F14HN85,35.65089,139.59482
F18HN57,35.64169,139.59178
F18HN56,35.64147,139.59147
F18HN55,35.64154,139.58851
F18HN54,35.64045,139.59405
F18HN53,35.63835,139.60046
F18HN52,35.63844,139.59947
F18HN51,35.64027,139.59378
F18HN50,35.63867,139.59849
F1HN2,35.64257,139.58375
F1HN3,35.64241,139.58405
F1HN0,35.64273,139.58302
F1HN1,35.64266,139.58344
F1HN6,35.64154,139.58517
F1HN7,35.64112,139.58555
F1HN4,35.64220,139.58440
F1HN5,35.64190,139.58479
F14HN171,35.64969,139.59517
F1HN8,35.64084,139.58582
F1HN9,35.64077,139.58580
F14HN170,35.64970,139.59513
F12HN46,35.64803,139.56755
F12HN47,35.64827,139.56721
F12HN44,35.64767,139.56795
F12HN45,35.64790,139.56779
F12HN42,35.64748,139.56867
F14HN82,35.65080,139.59464
F12HN40,35.64719,139.56986
F12HN41,35.64729,139.56937
F14HN83,35.65082,139.59470
F6HN119,35.63938,139.57835
F12HN48,35.64831,139.56710
F12HN49,35.64684,139.57128
F6HN122,35.64138,139.56859
F9HN46,35.63277,139.58056
F6HN120,35.63918,139.57826
F6HN118,35.64180,139.57678
F9HN43,35.63523,139.58201
F15HN119,35.64650,139.58788
F9HN41,35.63545,139.58299
F6HN125,35.64001,139.57049
F15HN114,35.65915,139.59004
F15HN115,35.64617,139.58753
F6HN128,35.63994,139.57050
F15HN117,35.65100,139.58719
F15HN110,35.64602,139.58735
F2HN59,35.64184,139.55903
F9HN49,35.63101,139.57983
F15HN113,35.64684,139.58593
F2HN58,35.64175,139.55941
F15HN145,35.65252,139.58920
F9HN79,35.63595,139.58278
F6HN113,35.64182,139.57691
F6HN112,35.64187,139.57708
F15HN149,35.65417,139.58752
F10HN35,35.63935,139.58163
F10HN34,35.63925,139.58166
F10HN37,35.63939,139.58185
F15HN148,35.65333,139.58787
F10HN31,35.63935,139.58163
F10HN30,35.63943,139.58160
F10HN33,35.63934,139.58163
F10HN32,35.63933,139.58152
F15HN22,35.64943,139.58546
F9HN72,35.63210,139.58342
F10HN39,35.63916,139.58171
F10HN38,35.63939,139.58193
F6HN116,35.63958,139.57845
F6HN115,35.63978,139.57856
F9HN71,35.63058,139.57995
F8HN150,35.63281,139.59207
F8HN153,35.63734,139.58028
F8HN152,35.63312,139.59207
F8HN154,35.63342,139.59197
F1HN29,35.62997,139.58432
F1HN28,35.63029,139.58407
F1HN21,35.63303,139.58452
F1HN20,35.63362,139.58472
F1HN23,35.63194,139.58411
F1HN22,35.63247,139.58432
F1HN25,35.63094,139.58372
F1HN24,35.63143,139.58391
F1HN27,35.63060,139.58376
F1HN26,35.63067,139.58365
F14HN113,35.64998,139.59430
F14HN112,35.64822,139.59088
F14HN111,35.64905,139.59266
F14HN110,35.65082,139.59448
F14HN117,35.64812,139.59094
F14HN116,35.64888,139.59282
F14HN115,35.65087,139.59445
F14HN114,35.64965,139.59264
F14HN119,35.64973,139.59255
F14HN118,35.64969,139.59260
F17HN36,35.63900,139.59409
F17HN37,35.63900,139.59409
F17HN34,35.63954,139.59354
F17HN35,35.63927,139.59379
F17HN32,35.63984,139.59336
F5HN77,35.62967,139.57237
F17HN30,35.64016,139.59274
F5HN75,35.64118,139.57641
F5HN78,35.63459,139.57414
F5HN79,35.64371,139.58035
F17HN38,35.63892,139.59409
F17HN39,35.63816,139.59510
F16HN56,35.64854,139.58327
F11HN28,35.64213,139.57973
F14HN163,35.64974,139.59498
F11HN27,35.64263,139.57929
F15HN78,35.65303,139.58488
F15HN79,35.64521,139.58617
F16HN51,35.64870,139.58431
F3HN44,35.65433,139.57578
F15HN74,35.64512,139.58595
F15HN75,35.64791,139.58577
F15HN76,35.65784,139.58854
F15HN77,35.65702,139.58943
F15HN70,35.65226,139.58602
F15HN71,35.64771,139.58573
F15HN72,35.64504,139.58572
F15HN73,35.64664,139.58523
F3HN46,35.65486,139.57599
F3HN41,35.65328,139.57669
F3HN40,35.65291,139.57692
F16HN50,35.64842,139.58412
F11HN21,35.64242,139.58013
F7HN29,35.63614,139.57017
F7HN28,35.63665,139.57021
F7HN27,35.63715,139.57024
F7HN26,35.63727,139.57022
F7HN25,35.63752,139.57043
F7HN24,35.63798,139.57080
F7HN23,35.63846,139.57121
F7HN22,35.63894,139.57164
F7HN21,35.63943,139.57209
F7HN20,35.63992,139.57257
F17HN116,35.64444,139.58625
F17HN117,35.64229,139.59381
F17HN114,35.63286,139.59919
F17HN115,35.64427,139.58625
F17HN112,35.64306,139.58807
F17HN113,35.64316,139.58820
F17HN110,35.64411,139.58621
F17HN111,35.64299,139.58798
F5HN141,35.63484,139.57084
F5HN140,35.63759,139.57103
F5HN143,35.63691,139.57072
F5HN142,35.63758,139.57095
F5HN145,35.63747,139.57022
F5HN144,35.63685,139.57052
F17HN118,35.64323,139.58831
F17HN119,35.64461,139.58620
F14HN166,35.64972,139.59508
F16HN52,35.64488,139.58494
F8HN147,35.63481,139.59298
F8HN144,35.63432,139.59255
F8HN145,35.63484,139.59291
F8HN142,35.63506,139.59225
F8HN143,35.63441,139.59236
F8HN140,35.63508,139.59217
F8HN141,35.63251,139.59188
F8HN148,35.63350,139.59194
F8HN149,35.63254,139.59190
F3HN156,35.65146,139.57339
F3HN157,35.65151,139.57333
F12HN142,35.65016,139.57388
F3HN132,35.65841,139.57180
F3HN133,35.65027,139.57509
F6HN28,35.64255,139.57215
F3HN131,35.65087,139.57453
F3HN136,35.65024,139.57411
F3HN137,35.65152,139.57428
F3HN134,35.65021,139.57433
F3HN135,35.65245,139.57481
F6HN22,35.64212,139.57379
F6HN23,35.64218,139.57369
F6HN20,35.64217,139.57448
F3HN139,35.65867,139.57165
F6HN26,35.64243,139.57292
F6HN27,35.64250,139.57254
F6HN24,35.64232,139.57332
F6HN25,35.64243,139.57292
F3HN158,35.65186,139.57278
F16HN86,35.65581,139.58055
F16HN87,35.65590,139.58170
F16HN84,35.65586,139.58169
F16HN85,35.65499,139.58146
F16HN82,35.65494,139.58156
F16HN83,35.65494,139.58156
F3HN58,35.65217,139.57760
F16HN81,35.65429,139.58181
F3HN56,35.64855,139.57794
F3HN57,35.64865,139.57757
F3HN54,35.65075,139.57747
F3HN55,35.64668,139.57985
F3HN52,35.65497,139.57473
F3HN53,35.65552,139.57395
F16HN88,35.65677,139.57974
F16HN89,35.65763,139.57892
F18HN48,35.63927,139.59958
F18HN49,35.63936,139.59495
F18HN44,35.63879,139.59838
F18HN45,35.63896,139.59868
F18HN46,35.63907,139.59898
F18HN47,35.63925,139.59946
F18HN40,35.63908,139.59641
F18HN41,35.63897,139.59688
F18HN42,35.63886,139.59761
F18HN43,35.63883,139.59784
F17HN126,35.63252,139.60060
F12HN33,35.64695,139.57286
F12HN32,35.64698,139.57291
F12HN31,35.64691,139.57320
F12HN30,35.64684,139.57360
F12HN37,35.64688,139.57166
F12HN36,35.64688,139.57166
F4HN13,35.64932,139.58018
F4HN12,35.64930,139.58048
F12HN39,35.64713,139.57032
F12HN38,35.64683,139.57160
F4HN19,35.65087,139.57949
F4HN18,35.65015,139.57942
F9HN32,35.63243,139.58326
F9HN33,35.63283,139.58335
F9HN30,35.63233,139.58292
F9HN31,35.63235,139.58323
F9HN36,35.63415,139.58327
F9HN37,35.63421,139.58326
F15HN109,35.65914,139.59003
F15HN108,35.65744,139.59118
F15HN107,35.64587,139.58717
F15HN106,35.64572,139.58698
F15HN105,35.64558,139.58679
F9HN39,35.63500,139.58311
F15HN103,35.65335,139.58455
F15HN102,35.65880,139.58919
F15HN101,35.65839,139.58927
F15HN100,35.65744,139.59118
F17HN128,35.64250,139.59508
F10HN22,35.63949,139.58304
F10HN23,35.63926,139.58300
F10HN20,35.63954,139.58283
F10HN21,35.63944,139.58302
F10HN26,35.63888,139.58294
F10HN27,35.63876,139.58291
F10HN24,35.63990,139.58311
F10HN25,35.63899,139.58296
F10HN28,35.64006,139.58309
F10HN29,35.63834,139.58276
F17HN93,35.63483,139.59995
F2HN34,35.64004,139.57418
F10HN116,35.63900,139.58153
F2HN37,35.64005,139.57291
F4HN20,35.65157,139.57952
F12HN21,35.64658,139.57597
F10HN115,35.63936,139.58207
F12HN22,35.64667,139.57574
F1HN14,35.63771,139.58585
F1HN15,35.63703,139.58568
F1HN16,35.63634,139.58550
F1HN17,35.63564,139.58530
F1HN10,35.64030,139.58590
F1HN11,35.63973,139.58600
F1HN12,35.63906,139.58602
F1HN13,35.63838,139.58596
F4HN24,35.65344,139.57957
F1HN18,35.63495,139.58510
F1HN19,35.63426,139.58491
F4HN25,35.65404,139.57955
F14HN39,35.64957,139.59280
F14HN38,35.64956,139.59274
F12HN26,35.64668,139.57476
F14HN31,35.64816,139.59008
F14HN30,35.64823,139.59022
F14HN33,35.64802,139.58982
F14HN32,35.64809,139.58995
F14HN35,35.64787,139.58957
F14HN34,35.64794,139.58969
F14HN37,35.64956,139.59273
F14HN36,35.64952,139.59271
F4HN28,35.65482,139.57951
F12HN29,35.64681,139.57378
F14HN126,35.64981,139.59248
F14HN127,35.64793,139.59107
F14HN124,35.64802,139.59100
F14HN125,35.65098,139.59439
F14HN122,35.64884,139.59286
F14HN123,35.65093,139.59441
F14HN120,35.64995,139.59435
F14HN121,35.64977,139.59252
F8HN48,35.62954,139.59025
F14HN128,35.64992,139.59441
F14HN129,35.64986,139.59245
F17HN43,35.63728,139.59675
F17HN42,35.63738,139.59656
F17HN41,35.63772,139.59592
F5HN62,35.63862,139.57442
F17HN47,35.63719,139.59839
F17HN46,35.63715,139.59788
F17HN45,35.63712,139.59756
F17HN44,35.63704,139.59721
F5HN69,35.63850,139.57403
F5HN68,35.63004,139.57111
F17HN49,35.63875,139.59432
F17HN48,35.63718,139.59851
F15HN130,35.65205,139.58775
F16HN108,35.64543,139.58342
F16HN109,35.64557,139.58383
F16HN102,35.65315,139.58361
F9HN25,35.63335,139.58208
F16HN100,35.64891,139.58325
F16HN101,35.64836,139.58335
F16HN106,35.64735,139.58352
F16HN107,35.64897,139.58307
F16HN104,35.65394,139.58185
F16HN105,35.65204,139.58333
F17HN99,35.64029,139.59592
F10HN111,35.63989,139.58261
F15HN134,35.65228,139.58799
F15HN135,35.65407,139.58720
F9HN6,35.64128,139.58111
F15HN49,35.65282,139.58486
F15HN48,35.65648,139.58631
F15HN41,35.65435,139.58592
F15HN40,35.65394,139.58574
F15HN43,35.65510,139.58641
F15HN42,35.65493,139.58629
F15HN45,35.65575,139.58656
F15HN44,35.65550,139.58674
F15HN47,35.65638,139.58632
F15HN46,35.65600,139.58645
F10HN110,35.64011,139.58256
F9HN2,35.64275,139.58348
F7HN58,35.63783,139.57803
F7HN59,35.63774,139.57811
F9HN3,35.64263,139.58335
F7HN52,35.63758,139.57718
F7HN53,35.63771,139.57738
F7HN50,35.63746,139.57701
F7HN51,35.63755,139.57713
F7HN56,35.63788,139.57773
F7HN57,35.63793,139.57789
F7HN54,35.63784,139.57761
F7HN55,35.63786,139.57766
F17HN109,35.63287,139.59919
F5HN157,35.63716,139.56941
F5HN154,35.63580,139.57093
F9HN1,35.64301,139.58369
F5HN152,35.63550,139.57077
F5HN153,35.64717,139.57975
F5HN150,35.63517,139.57071
F5HN151,35.63468,139.57066
F17HN101,35.63467,139.60058
F17HN100,35.63556,139.60073
F17HN103,35.63837,139.59482
F17HN102,35.63365,139.59981
F17HN105,35.64366,139.58596
F17HN104,35.63865,139.59526
F17HN107,35.64395,139.58614
F9HN7,35.64046,139.58010
F13HN18,35.64511,139.59177
F13HN19,35.64531,139.59194
F9HN4,35.64241,139.58308
F13HN10,35.64474,139.59211
F13HN11,35.64474,139.59228
F13HN12,35.64487,139.59256
F13HN13,35.64489,139.59266
F13HN14,35.64503,139.59282
F13HN15,35.64508,139.59040
F13HN16,35.64540,139.58945
F13HN17,35.64474,139.59228
F9HN5,35.64200,139.58237
F8HN133,35.63508,139.59150
F8HN132,35.62519,139.59061
F8HN131,35.63413,139.59155
F1HN146,35.63494,139.59477
F8HN137,35.63352,139.59191
F8HN136,35.63457,139.59192
F1HN143,35.63596,139.59351
F8HN134,35.63463,139.59172
F8HN139,35.62494,139.59075
F8HN138,35.63762,139.58075
F1HN149,35.63398,139.59596
F1HN148,35.63429,139.59557
F15HN30,35.65106,139.58523
F5HN91,35.64419,139.58028
F17HN96,35.64223,139.59338
F18HN146,35.63755,139.58648
F6HN3,35.64181,139.57957
F6HN2,35.64181,139.57957
F6HN1,35.64248,139.58146
F17HN97,35.63556,139.60073
F6HN7,35.64211,139.57856
F6HN6,35.64206,139.57882
F6HN5,35.64199,139.57909
F6HN4,35.64191,139.57934
F5HN94,35.62905,139.57230
F6HN9,35.64221,139.57803
F6HN8,35.64213,139.57849
F17HN91,35.64352,139.58585
F15HN36,35.65258,139.58509
F14HN14,35.64862,139.59105
F5HN97,35.62857,139.57198
F18HN147,35.64355,139.59641
F15HN38,35.65262,139.58517
F15HN39,35.65355,139.58563
F6HN39,35.64281,139.56878
F6HN38,35.64299,139.56995
F2HN41,35.64001,139.57138
F14HN13,35.64844,139.59083
F6HN31,35.64260,139.57140
F6HN30,35.64258,139.57180
F6HN33,35.64264,139.57108
F6HN32,35.64260,139.57111
F6HN35,35.64291,139.57045
F6HN34,35.64279,139.57081
F6HN37,35.64300,139.57005
F6HN36,35.64300,139.57005
F11HN74,35.64131,139.57108
F11HN75,35.64045,139.58293
F14HN12,35.64844,139.59083
F17HN87,35.64025,139.59546
F12HN14,35.64556,139.57825
F3HN34,35.65098,139.57788
F3HN49,35.65194,139.57795
F3HN48,35.65535,139.57608
F11HN29,35.64274,139.57878
F3HN35,35.65130,139.57787
F3HN45,35.65460,139.57592
F11HN26,35.64259,139.57943
F3HN47,35.65525,139.57606
F11HN24,35.64217,139.57988
F11HN23,35.64249,139.57990
F11HN22,35.64237,139.58011
F3HN43,35.65396,139.57612
F11HN20,35.64231,139.58049
F17HN86,35.64216,139.59295
F18HN79,35.64062,139.58601
F18HN78,35.63917,139.59507
F17HN85,35.63442,139.59957
F18HN71,35.64197,139.58915
F18HN70,35.64074,139.59484
F18HN73,35.64142,139.58773
F18HN72,35.64104,139.58587
F18HN75,35.64206,139.58936
F18HN74,35.64083,139.58594
F18HN77,35.63763,139.60066
F18HN76,35.63873,139.60177
F12HN20,35.64641,139.57636
F4HN21,35.65226,139.57951
F4HN22,35.65282,139.57948
F4HN23,35.65283,139.57950
F12HN24,35.64665,139.57519
F12HN25,35.64668,139.57476
F4HN26,35.65447,139.57953
F4HN27,35.65458,139.57952
F12HN28,35.64678,139.57395
F4HN29,35.65524,139.57948
F15HN132,35.65975,139.59049
F15HN133,35.65181,139.58796
F9HN23,35.63445,139.58179
F9HN22,35.63444,139.58177
F15HN136,35.65239,139.58815
F9HN24,35.63389,139.58199
F9HN27,35.63286,139.58219
F9HN26,35.63296,139.58216
F9HN29,35.63238,139.58253
F9HN28,35.63265,139.58228
F15HN138,35.64698,139.58841
F15HN139,35.65998,139.59070
F14HN84,35.65086,139.59476
F8HN146,35.63748,139.58051
F2HN48,35.64059,139.56475
F7HN107,35.63635,139.57956
F7HN106,35.64487,139.57721
F7HN105,35.63828,139.57713
F7HN104,35.63829,139.57714
F7HN103,35.63655,139.56841
F7HN102,35.63647,139.57959
F7HN101,35.64463,139.57775
F7HN100,35.63661,139.57961
F3HN122,35.65212,139.57556
F7HN109,35.64510,139.57666
F7HN108,35.63628,139.56799
F2HN49,35.64066,139.56420
F3HN129,35.65022,139.57476
F6HN52,35.64196,139.56516
F2HN52,35.64104,139.56253
F14HN27,35.64943,139.59264
F14HN24,35.64833,139.59048
F14HN25,35.64828,139.59034
F14HN22,35.64838,139.59068
F14HN23,35.64837,139.59063
F14HN20,35.64919,139.59228
F14HN21,35.64930,139.59253
F14HN28,35.64948,139.59268
F14HN29,35.64827,139.59031
F3HN138,35.64218,139.57683
F16HN103,35.65660,139.58152
F12HN1,35.64362,139.58231
F12HN150,35.64992,139.57114
F17HN153,35.64482,139.58517
F15HN2,35.64502,139.58533
F10HN107,35.63711,139.58219
F5HN109,35.62961,139.56855
F5HN108,35.62856,139.57199
F17HN50,35.63689,139.59727
F17HN51,35.63985,139.59335
F17HN52,35.63631,139.59806
F17HN53,35.63587,139.59893
F17HN54,35.63997,139.59367
F17HN55,35.64235,139.58846
F17HN56,35.64165,139.59141
F17HN57,35.64182,139.59176
F5HN54,35.63612,139.57419
F5HN55,35.64098,139.57764
F5HN56,35.63878,139.57521
F5HN57,35.63872,139.57481
F5HN50,35.63174,139.57318
F5HN51,35.63617,139.57453
F5HN52,35.63095,139.57271
F5HN53,35.63034,139.57203
F2HN88,35.63476,139.58469
F2HN89,35.64041,139.57572
F16HN118,35.64522,139.58507
F2HN80,35.63552,139.57774
F16HN114,35.64616,139.58407
F16HN117,35.64466,139.58456
F16HN116,35.64522,139.58507
F16HN111,35.64613,139.58315
F16HN110,35.64577,139.58307
F16HN113,35.64589,139.58404
F16HN112,35.64498,139.58358
F15HN56,35.64954,139.58578
F15HN57,35.64972,139.58606
F15HN54,35.65174,139.58557
F15HN55,35.64729,139.58506
F15HN52,35.65620,139.58776
F15HN53,35.65679,139.58852
F15HN50,35.65557,139.58691
F15HN51,35.65161,139.58528
F15HN58,35.65297,139.58441
F15HN59,35.64740,139.58533
F14HN17,35.64886,139.59153
F5HN18,35.63970,139.57641
F7HN49,35.63731,139.57683
F7HN48,35.63692,139.57647
F14HN131,35.65103,139.59438
F7HN40,35.63483,139.57434
F7HN43,35.63586,139.57551
F7HN42,35.63549,139.57516
F7HN45,35.63628,139.57589
F14HN134,35.64773,139.59115
F7HN47,35.63654,139.57614
F7HN46,35.63651,139.57609
F13HN25,35.64455,139.59268
F5HN122,35.63503,139.57198
F13HN27,35.64527,139.59342
F5HN120,35.64620,139.57994
F13HN21,35.64517,139.59309
F5HN126,35.62843,139.56860
F13HN23,35.64462,139.59238
F5HN124,35.63764,139.57226
F5HN129,35.63717,139.57177
F5HN128,35.63745,139.57179
F13HN29,35.64505,139.59189
F13HN28,35.64452,139.59308
F12HN23,35.64666,139.57562
F11HN60,35.64323,139.57635
F12HN9,35.64509,139.57949
F12HN8,35.64493,139.57993
F1HN150,35.63368,139.59635
F1HN151,35.63340,139.59674
F1HN156,35.63226,139.59883
F1HN157,35.63208,139.59927
F8HN126,35.62519,139.59061
F8HN127,35.63776,139.58099
F8HN128,35.63505,139.59142
F8HN129,35.63479,139.59140
F1HN158,35.63192,139.59971
F12HN2,35.64447,139.58097
F12HN5,35.64469,139.58050
F12HN4,35.64458,139.58075
F12HN7,35.64490,139.57999
F12HN6,35.64480,139.58024
F3HN8,35.64531,139.58054
F3HN9,35.64565,139.58038
F3HN0,35.64273,139.58302
F3HN1,35.64366,139.58211
F3HN2,35.64441,139.58072
F3HN3,35.64441,139.58072
F3HN4,35.64463,139.58075
F3HN5,35.64484,139.58071
F3HN6,35.64505,139.58065
F3HN7,35.64526,139.58056
F14HN26,35.64930,139.59253
F17HN146,35.64480,139.58541
F12HN27,35.64672,139.57435
F3HN78,35.65211,139.57811
F3HN79,35.64404,139.57987
F11HN38,35.64090,139.58177
F11HN39,35.64087,139.58230
F11HN34,35.64087,139.58218
F11HN35,35.64088,139.58206
F11HN36,35.64090,139.58195
F11HN37,35.64090,139.58185
F3HN74,35.64413,139.58014
F11HN31,35.64088,139.58207
F11HN32,35.64080,139.58203
F3HN77,35.65570,139.57297
F18HN66,35.63832,139.60045
F18HN67,35.63918,139.59502
F18HN64,35.64152,139.58773
F18HN65,35.63958,139.59540
F18HN62,35.64187,139.59212
F18HN63,35.64061,139.59443
F18HN60,35.64185,139.58890
F18HN61,35.64124,139.58583
F18HN68,35.63868,139.60138
F18HN69,35.64204,139.59248
F8HN101,35.62694,139.59079
F12HN19,35.64623,139.57675
F12HN18,35.64623,139.57676
F4HN39,35.65817,139.57858
F4HN38,35.65780,139.57860
F12HN15,35.64565,139.57792
F4HN36,35.65746,139.57864
F12HN17,35.64605,139.57714
F12HN16,35.64584,139.57753
F12HN11,35.64529,139.57899
F4HN32,35.65595,139.57937
F12HN13,35.64553,139.57830
F4HN30,35.65564,139.57945
F15HN125,35.65183,139.58780
F15HN124,35.65150,139.58754
F15HN127,35.64682,139.58823
F15HN126,35.65975,139.59049
F15HN121,35.65129,139.58740
F15HN120,35.64666,139.58805
F15HN123,35.65384,139.58690
F15HN122,35.65355,139.58666
F9HN14,35.63810,139.58060
F9HN15,35.63823,139.58115
F9HN16,35.63824,139.58116
F9HN17,35.63770,139.58154
F15HN129,35.65205,139.58774
F15HN128,35.65181,139.58788
F9HN12,35.63790,139.57973
F9HN13,35.63798,139.58002
F18HN14,35.64149,139.58847
F3HN123,35.65231,139.57520
F7HN114,35.64531,139.57612
F7HN115,35.63600,139.57943
F7HN116,35.63599,139.56754
F7HN117,35.63604,139.56714
F7HN110,35.63602,139.56759
F7HN111,35.63623,139.57952
F7HN112,35.63609,139.57949
F7HN113,35.63601,139.57947
F18HN58,35.63954,139.59536
F7HN118,35.63586,139.56750
F7HN119,35.63598,139.57953
F18HN19,35.64128,139.59010
F8HN82,35.62741,139.59020
F8HN83,35.62712,139.58980
F8HN80,35.63934,139.58600
F8HN81,35.63955,139.58336
F8HN86,35.63609,139.58986
F8HN87,35.63331,139.59022
F8HN84,35.63356,139.58992
F8HN85,35.62713,139.58980
F8HN88,35.63243,139.58914
F8HN89,35.63255,139.58869
F14HN53,35.64982,139.59362
F14HN52,35.64979,139.59356
F14HN51,35.64977,139.59351
F14HN50,35.64975,139.59346
F14HN57,35.64991,139.59384
F14HN56,35.64988,139.59379
F14HN55,35.64986,139.59373
F14HN54,35.64984,139.59367
F14HN59,35.64995,139.59396
F14HN58,35.64993,139.59390
F2HN18,35.63439,139.58198
F13HN2,35.64533,139.58946
F2HN96,35.63370,139.57684
F2HN95,35.64150,139.57630
F2HN94,35.64094,139.57598
F2HN93,35.63432,139.57713
F13HN7,35.64482,139.59101
F13HN4,35.64504,139.58997
F2HN90,35.63938,139.56944
F5HN43,35.63229,139.57336
F17HN64,35.64256,139.58770
F13HN8,35.64475,139.59159
F13HN9,35.64477,139.59179
F17HN61,35.64283,139.58565
F17HN60,35.64268,139.58895
F17HN63,35.64007,139.59409
F2HN98,35.63931,139.57441
F15HN23,35.64952,139.58541
F18HN149,35.64179,139.59764
F15HN21,35.64923,139.58543
F17HN84,35.64020,139.59500
F17HN83,35.63442,139.59956
F17HN82,35.63485,139.59973
F17HN81,35.64339,139.58575
F17HN80,35.64279,139.58780
F18HN140,35.64313,139.59560
F18HN141,35.64177,139.59767
F18HN142,35.64317,139.59567
F18HN143,35.64363,139.59589
F18HN144,35.64374,139.59607
F18HN145,35.64352,139.59634
F17HN89,35.63858,139.59468
F17HN88,35.63869,139.59512
F12HN43,35.64753,139.56845
F7HN74,35.63698,139.57963
F7HN75,35.63699,139.57966
F7HN76,35.63705,139.57976
F7HN77,35.63707,139.57979
F7HN70,35.63709,139.57907
F7HN71,35.63707,139.57922
F7HN72,35.63704,139.57937
F7HN73,35.63701,139.57952
F7HN98,35.63827,139.57760
F7HN78,35.63714,139.57992
F7HN79,35.63715,139.57994
F14HN148,35.65018,139.59227
F14HN149,35.64982,139.59463
F14HN144,35.65009,139.59232
F14HN145,35.64984,139.59457
F14HN146,35.64741,139.59111
F14HN147,35.65013,139.59229
F14HN140,35.64987,139.59452
F14HN141,35.65004,139.59234
F14HN142,35.64867,139.59311
F14HN143,35.64752,139.59114
F13HN32,35.64592,139.58924
F5HN131,35.63651,139.57147
F13HN30,35.64530,139.59358
F13HN31,35.64536,139.59418
F5HN134,35.63706,139.57141
F13HN37,35.64539,139.59477
F5HN136,35.63702,139.57121
F13HN35,35.64470,139.59326
F5HN138,35.64670,139.57985
F5HN139,35.62810,139.56859
F13HN38,35.64542,139.59530
F17HN164,35.64073,139.59852
F17HN163,35.64070,139.59849
F17HN162,35.64072,139.59816
F17HN161,35.64072,139.59812
F17HN160,35.64073,139.59779
F5HN58,35.63440,139.57461
F5HN59,35.64106,139.57732
F9HN47,35.63206,139.58031
F6HN123,35.64117,139.56823
F9HN45,35.63328,139.58075
F17HN58,35.63836,139.59425
F6HN121,35.64037,139.57117
F8HN119,35.63806,139.58148
F8HN118,35.63943,139.58675
F17HN59,35.64252,139.58870
F8HN115,35.63839,139.58197
F8HN114,35.62582,139.59029
F8HN117,35.63567,139.59049
F8HN116,35.63822,139.58172
F8HN111,35.63941,139.58630
F8HN110,35.63857,139.58222
F8HN113,35.63943,139.58662
F8HN112,35.63943,139.58642
F6HN124,35.64023,139.57091
F9HN40,35.63507,139.58309
F5HN121,35.63779,139.57251
F15HN116,35.64633,139.58770
F6HN129,35.64005,139.57023
F15HN111,35.64671,139.58569
F15HN112,35.64674,139.58580
F9HN48,35.63141,139.58003
F16HN115,35.64473,139.58453
F5HN41,35.63305,139.57377
F2HN81,35.63949,139.57477
F2HN82,35.64143,139.56010
F3HN67,35.65208,139.57808
F3HN66,35.65553,139.57393
F3HN65,35.65217,139.57755
F9HN74,35.63782,139.57972
F3HN63,35.65091,139.57712
F3HN62,35.64878,139.57722
F3HN61,35.64433,139.58062
F3HN60,35.64686,139.57926
F2HN84,35.63989,139.57038
F3HN69,35.64894,139.57689
F3HN68,35.65627,139.57395
F5HN40,35.63344,139.57397
F2HN86,35.64312,139.55569
F2HN87,35.64305,139.55520
F9HN75,35.63713,139.58060
F18HN13,35.64149,139.58841
F18HN12,35.64158,139.58800
F16HN35,35.64505,139.58465
F18HN10,35.64157,139.58762
F18HN17,35.64131,139.58967
F18HN16,35.64134,139.58923
F18HN15,35.64140,139.58880
F17HN9,35.64260,139.58718
F17HN6,35.64270,139.58646
F17HN7,35.64267,139.58670
F17HN4,35.64274,139.58597
F17HN5,35.64272,139.58621
F17HN2,35.64276,139.58574
F17HN3,35.64276,139.58574
F16HN39,35.64521,139.58478
F16HN38,35.64484,139.58454
F5HN46,35.63164,139.57258
F6HN13,35.64234,139.57673
F6HN12,35.64236,139.57719
F6HN11,35.64232,139.57750
F6HN10,35.64231,139.57760
F6HN17,35.64222,139.57539
F6HN16,35.64223,139.57586
F6HN15,35.64227,139.57632
F6HN14,35.64234,139.57667
F6HN19,35.64220,139.57494
F6HN18,35.64220,139.57494
F3HN12,35.64628,139.58011
F4HN48,35.66275,139.57898
F4HN49,35.66315,139.57896
F11HN17,35.64214,139.58143
F4HN42,35.65898,139.57860
F4HN43,35.65973,139.57835
F4HN40,35.65824,139.57858
F4HN41,35.65855,139.57858
F4HN46,35.66166,139.57878
F4HN47,35.66221,139.57889
F4HN44,35.66051,139.57848
F4HN45,35.66126,139.57869
F3HN11,35.64605,139.58020
F11HN12,35.64166,139.58082
F11HN13,35.64107,139.58205
F3HN14,35.64663,139.57986
F5HN44,35.63188,139.57314
F6HN90,35.64200,139.56411
F10HN36,35.63937,139.58174
F6HN94,35.64251,139.56354
F5HN47,35.63142,139.57219
F7HN121,35.64550,139.57557
F7HN120,35.63600,139.56687
F7HN123,35.63589,139.57933
F7HN122,35.63551,139.56720
F7HN125,35.64562,139.57523
F7HN124,35.63594,139.57957
F7HN127,35.63527,139.56687
F7HN126,35.63578,139.57926
F7HN129,35.63567,139.57922
F7HN128,35.64566,139.57512
F8HN91,35.63935,139.58316
F8HN90,35.62846,139.59105
F8HN93,35.62731,139.59037
F8HN92,35.63938,139.58612
F8HN95,35.62803,139.59190
F8HN94,35.62803,139.59190
F8HN97,35.62812,139.59278
F8HN96,35.63589,139.59018
F8HN99,35.63306,139.59051
F8HN98,35.62642,139.58996
F14HN40,35.64958,139.59287
F14HN41,35.64959,139.59293
F14HN42,35.64960,139.59299
F14HN43,35.64962,139.59305
F14HN44,35.64964,139.59311
F14HN45,35.64965,139.59317
F14HN46,35.64967,139.59323
F14HN47,35.64969,139.59329
F14HN48,35.64971,139.59334
F14HN49,35.64973,139.59340
F6HN76,35.64057,139.56331
F14HN139,35.64999,139.59237
F17HN78,35.63874,139.59458
F17HN79,35.64326,139.58566
F14HN138,35.64995,139.59239
F17HN72,35.64297,139.58558
F17HN73,35.64266,139.58773
F17HN70,35.64015,139.59454
F17HN71,35.64283,139.58920
F17HN76,35.63483,139.59951
F17HN77,35.63618,139.59983
F17HN74,35.64312,139.58560
F17HN75,35.64295,139.58941
F14HN136,35.64989,139.59446
F17HN94,35.63616,139.60071
F17HN95,35.63616,139.60072
F15HN32,35.65160,139.58528
F15HN33,35.65165,139.58525
F17HN90,35.63618,139.59984
F5HN95,35.62905,139.57229
F17HN92,35.64287,139.58786
F15HN37,35.65258,139.58509
F18HN153,35.63732,139.58646
F18HN152,35.64228,139.59720
F18HN151,35.64179,139.59793
F18HN150,35.64207,139.59749
F18HN157,35.64388,139.59713
F18HN156,35.64384,139.59706
F18HN155,35.64387,139.59631
F18HN154,35.64241,139.59685
F7HN41,35.63514,139.57477
F14HN130,35.64990,139.59242
F14HN133,35.64783,139.59113
F7HN63,35.63736,139.57836
F7HN62,35.63751,139.57827
F7HN61,35.63753,139.57827
F14HN132,35.64880,139.59292
F13HN36,35.64446,139.59322
F7HN66,35.63724,139.57854
F7HN65,35.63725,139.57852
F7HN64,35.63726,139.57847
F14HN135,35.64875,139.59298
F7HN69,35.63712,139.57891
F7HN68,35.63715,139.57877
F3HN109,35.65771,139.57208
F18HN127,35.63802,139.58651
F2HN4,35.64109,139.58485
F14HN137,35.64762,139.59115
F14HN159,35.65037,139.59221
F14HN158,35.65032,139.59223
F14HN157,35.64977,139.59481
F14HN156,35.65028,139.59224
F14HN155,35.64723,139.59100
F14HN154,35.65023,139.59225
F14HN153,35.64979,139.59475
F14HN152,35.64732,139.59106
F14HN151,35.65018,139.59227
F14HN150,35.64980,139.59469
F17HN152,35.64136,139.59714
F5HN123,35.63489,139.57158
F17HN150,35.64111,139.59738
F17HN151,35.64074,139.59774
F17HN156,35.64354,139.59720
F17HN157,35.64354,139.59728
F17HN154,35.64156,139.59683
F13HN24,35.64539,139.59204
F5HN105,35.64444,139.58023
F5HN104,35.63402,139.57401
F17HN158,35.64367,139.59794
F5HN106,35.64469,139.58019
F5HN101,35.62940,139.57002
F5HN100,35.62856,139.57199
F5HN103,35.63437,139.57371
F5HN102,35.62918,139.56970
F13HN26,35.64509,139.59177
F5HN127,35.64645,139.57990
F13HN20,35.64485,139.59270
F3HN76,35.65655,139.57382
F5HN125,35.63740,139.57186
F13HN22,35.64583,139.58954
F3HN98,35.65744,139.57297
F8HN108,35.62812,139.59279
F8HN109,35.62582,139.59028
F2HN9,35.63691,139.58381
F8HN102,35.62642,139.58996
F8HN103,35.63231,139.58864
F8HN100,35.62812,139.59279
F2HN8,35.63767,139.58427
F8HN106,35.63895,139.58272
F8HN107,35.63876,139.58248
F8HN104,35.63233,139.58921
F8HN105,35.63915,139.58294
F9HN85,35.63733,139.57942
F3HN119,35.64282,139.57749
F11HN16,35.64213,139.58140
F3HN13,35.64659,139.57989
F3HN10,35.64599,139.58025
F11HN15,35.64205,139.58133
F3HN16,35.64720,139.57946
F3HN17,35.64749,139.57916
F11HN10,35.64167,139.58131
F3HN15,35.64689,139.57973
F3HN18,35.64777,139.57890
F3HN19,35.64777,139.57890
F11HN18,35.64205,139.58131
F11HN19,35.64219,139.58094
F13HN39,35.64439,139.59354
F16HN24,35.64708,139.58389
F16HN25,35.64735,139.58344
F16HN26,35.64746,139.58343
F16HN27,35.64757,139.58345
F16HN20,35.64669,139.58349
F16HN21,35.64696,139.58349
F16HN22,35.64696,139.58356
F16HN23,35.64712,139.58345
F16HN28,35.64717,139.58401
F16HN29,35.64791,139.58349
